source_id,source_frame,ionic_step,charge_residual,residual_kind,scf_steps,fingerprint,outcar_sha256,scf_evidence_sha256,group,kind
mapped/bulk/SiN-Bulk_300K/.,395,396,0.00321,last_printed_rms_c,3,67a6337f32216e74c09fd6cf250c7fffe2ab579d78c5e8d19506f6ab4f268ed9,f635c48aa65c7385992b38bd6fcfd93fc1468bbcebb850decb81c06fb28ea000,c7f02097f787f46795e01d5612d1f1efa3b8d74edaf033b59c5fa367d3669b86,bulk/SiN-Bulk_300K,typical
mapped/bulk/SiN-Bulk_300K/.,0,1,0.00724,last_printed_rms_c,14,67a6337f32216e74c09fd6cf250c7fffe2ab579d78c5e8d19506f6ab4f268ed9,f635c48aa65c7385992b38bd6fcfd93fc1468bbcebb850decb81c06fb28ea000,c7f02097f787f46795e01d5612d1f1efa3b8d74edaf033b59c5fa367d3669b86,bulk/SiN-Bulk_300K,worst
mapped/bulk/TiN-Bulk_300K/.,1015,1016,0.00525,last_printed_rms_c,5,6673b72784c49f5211181f1609bacebf181462776916d4d98672fb610b823daf,b5dc550a002db9e2d0f91f5a9330f9ebbc53d3000306ccb0fe203afc12e3207e,54f19fb2c1aad8942b28a0a756522b758c4bd31b065817c6fc876861bbf3920d,bulk/TiN-Bulk_300K,typical
mapped/bulk/TiN-Bulk_300K/.,2670,2671,0.00786,last_printed_rms_c,5,6673b72784c49f5211181f1609bacebf181462776916d4d98672fb610b823daf,b5dc550a002db9e2d0f91f5a9330f9ebbc53d3000306ccb0fe203afc12e3207e,54f19fb2c1aad8942b28a0a756522b758c4bd31b065817c6fc876861bbf3920d,bulk/TiN-Bulk_300K,worst
mapped/bulk/TiO-Bulk-Real_300K/.,545,546,0.00304,last_printed_rms_c,6,d1965259545c89b429034c8627ed98cd1589c86808edb024ab5e5fc51197ff61,40a189df4dd0bb0cbb1c3ee830875562742ff54e39f40b486f1af01c3999cd67,9f89b2c04ef56772f0d68cef0ffb6e7bf652529d0ad7605f4024dae2bcb27050,bulk/TiO-Bulk-Real_300K,typical
mapped/bulk/TiO-Bulk-Real_300K/.,195,196,0.00622,last_printed_rms_c,6,d1965259545c89b429034c8627ed98cd1589c86808edb024ab5e5fc51197ff61,40a189df4dd0bb0cbb1c3ee830875562742ff54e39f40b486f1af01c3999cd67,9f89b2c04ef56772f0d68cef0ffb6e7bf652529d0ad7605f4024dae2bcb27050,bulk/TiO-Bulk-Real_300K,worst
mapped/bulk/TiO-Bulk-Real_450K/.,595,596,0.0023,last_printed_rms_c,6,278ba3614c8a0b22cdf99ba8613a556474fba243117f29643d44ef8543ac645c,2ae2857551062d74b682d55a8c163833bba427b86385560c38b8323f0b47bbf6,31d930887aa4a4f128348d50522053c6f9702e53574857964678bb3c9e849437,bulk/TiO-Bulk-Real_450K,typical
mapped/bulk/TiO-Bulk-Real_450K/.,935,936,0.00507,last_printed_rms_c,6,278ba3614c8a0b22cdf99ba8613a556474fba243117f29643d44ef8543ac645c,2ae2857551062d74b682d55a8c163833bba427b86385560c38b8323f0b47bbf6,31d930887aa4a4f128348d50522053c6f9702e53574857964678bb3c9e849437,bulk/TiO-Bulk-Real_450K,worst
mapped/interface/300K/Ideal/N_Term/SiN_TiN_N-term,1310,1311,0.00905,last_printed_rms_c,6,8cfb54c7e7c37b254f3144d21fc4bdfa685364730cce5c0d025fc6a5c2bf656d,4579f4026ab68fcc417677e77f65ed1d3675c23260b4cc4d15e35eb31dd3c259,93fbb4745acc9474d54997eac19506ca47191b69a128fc455504800af7415b49,interface/300K/Ideal/N_Term,typical
mapped/interface/300K/Ideal/N_Term/SiN_TiN_N-term,740,741,0.017,last_printed_rms_c,5,8cfb54c7e7c37b254f3144d21fc4bdfa685364730cce5c0d025fc6a5c2bf656d,4579f4026ab68fcc417677e77f65ed1d3675c23260b4cc4d15e35eb31dd3c259,93fbb4745acc9474d54997eac19506ca47191b69a128fc455504800af7415b49,interface/300K/Ideal/N_Term,worst
mapped/interface/300K/Ideal/Ti_Term/SiN-TiN-Ti-term_O_x0.25,30,31,0.00727,last_printed_rms_c,6,02a0240f2adbca2d7a515c3a727bf0e630a05c1dfb6fd0079d73d0eaeb548c73,59d0e7e2b9646ba97ef713b0a4d4d65277aaf96e717d101d5efbed3947431455,8379096cde6e3973bcc505e3278dcb30a3a2b3d7f94d43018176cb2bf6b6e868,interface/300K/Ideal/Ti_Term,typical
mapped/interface/300K/Ideal/Ti_Term/SiN-TiN-Ti-term_O_x0.25,2810,2811,0.0127,last_printed_rms_c,6,02a0240f2adbca2d7a515c3a727bf0e630a05c1dfb6fd0079d73d0eaeb548c73,59d0e7e2b9646ba97ef713b0a4d4d65277aaf96e717d101d5efbed3947431455,8379096cde6e3973bcc505e3278dcb30a3a2b3d7f94d43018176cb2bf6b6e868,interface/300K/Ideal/Ti_Term,worst
mapped/interface/300K/Real/N_Term/SiN_TiN_N-term_O_x0.25,2530,2531,0.00774,last_printed_rms_c,5,d9e2032cab34a186380b99912b207a6c752b844278afd53938604cba041a675e,93915325df68e0849a4e203146744b0c3cb3e2fe0c53106d70fc087a5a9a18dd,57c4cac14b259d11dfd9e4b82446953a3f2b607634097261262b8e197cfd0691,interface/300K/Real/N_Term,typical
mapped/interface/300K/Real/N_Term/SiN_TiN_N-term_O_x1.00,2210,2211,0.0285,last_printed_rms_c,5,1f8e4ba244acfc53f7d80ed6c34ffd80df76856fc44711cce0f87818d61faa06,4dfb59680fd22ba34630d256dd68c0ffaf734c741b128bb12a6b7328094a5c24,56352c05115c07c0cd9ee98d5729808c3159a4fdc71bfa539d368d6d0a3d1dca,interface/300K/Real/N_Term,worst
mapped/interface/300K/Real/Ti_Term/SiN-TiN-Ti-term,205,206,0.00808,last_printed_rms_c,6,6ed5332c5da23b4a78c73904cc13ec54d51e92a3c637c73b0a83eedd6fccf9be,a912b131bcb72452306a40c6409aeaf6fc773684cffaab5769304dc69f14558a,688fd821dc0c5bead2c8a9ecb4943ce449075867a752cb73fff44c097f3e0b22,interface/300K/Real/Ti_Term,typical
mapped/interface/300K/Real/Ti_Term/SiN-TiN-Ti-term_O_x0.25,2670,2671,0.0117,last_printed_rms_c,5,2753e2147f10e62d61e22616a00622d081be9be29a73090907f4ca29d70f4012,0256af7fd976462ef8581c5fc9d6e937817326134d2fec9bd14be83eda721a71,d65a83b762618e620ac23ea58b8197d8e2328c5c8a07500f85eea32a590e1626,interface/300K/Real/Ti_Term,worst
mapped/interface/450K/Ideal/N_Term/SiN_TiN_N-term,275,276,0.00999,last_printed_rms_c,5,552e70b287d53a6eaa9332fb77a9dd460f86985873307244871a060d9cf9d4ba,20bda9cfaeb2bd92ffd52b499264b42fea88fa963b15fa5b3bd940a42060b96e,696a4e85401245322e1608e240499d293fd1a3ef639df15836e629c11709dbd1,interface/450K/Ideal/N_Term,typical
mapped/interface/450K/Ideal/N_Term/SiN_TiN_N-term,1565,1566,0.0202,last_printed_rms_c,5,552e70b287d53a6eaa9332fb77a9dd460f86985873307244871a060d9cf9d4ba,20bda9cfaeb2bd92ffd52b499264b42fea88fa963b15fa5b3bd940a42060b96e,696a4e85401245322e1608e240499d293fd1a3ef639df15836e629c11709dbd1,interface/450K/Ideal/N_Term,worst
mapped/interface/450K/Ideal/Ti_Term/SiN-TiN-Ti-term,1680,1681,0.00783,last_printed_rms_c,6,82599b6357c1e980473eb1017f57634d4111a9ee2815089cebe5d7c0e7a00d79,b99f7f96174ede65b9e0d2f49dea37862ea946e22f57a8e32ecd5f873a8a3125,b26bcb2f6f0567f43de74ca4e5e64643c7935a52aade3e9dd89ad525cf1f252f,interface/450K/Ideal/Ti_Term,typical
mapped/interface/450K/Ideal/Ti_Term/SiN-TiN-Ti-term,235,236,0.0132,last_printed_rms_c,6,82599b6357c1e980473eb1017f57634d4111a9ee2815089cebe5d7c0e7a00d79,b99f7f96174ede65b9e0d2f49dea37862ea946e22f57a8e32ecd5f873a8a3125,b26bcb2f6f0567f43de74ca4e5e64643c7935a52aade3e9dd89ad525cf1f252f,interface/450K/Ideal/Ti_Term,worst
mapped/interface/450K/Real/N_Term/SiN_TiN_N-term_O_x0.25,2475,2476,0.00923,last_printed_rms_c,5,ffd89d4da3f5ba6f93923aef12646af69837b3e66369d9b82dac1b92736b4ea4,ccb1e0725cc5dd51ac1c2e157891abd9aa70cf84421bf17a650c930305d030e6,6b14842279070915445f1b5d49e9c27fa02cc37a84db4b939f2f31f9d98d0123,interface/450K/Real/N_Term,typical
mapped/interface/450K/Real/N_Term/SiN_TiN_N-term,1510,1511,0.0206,last_printed_rms_c,5,1b252a8fc1be55cd9fbcf8ef7a61a06e1aa906fdb7d8780613990167eca8a7bc,36e4e308b523d122af9ee3072baacc18e4de4d04f02bdc90462b2829827901a5,825763a0c00adcf5987ead57fdf5b92cc674f40f641191d692d3368f8bc89ae0,interface/450K/Real/N_Term,worst
mapped/interface/450K/Real/Ti_Term/SiN-TiN-Ti-term_O_x0.25,345,346,0.00898,last_printed_rms_c,6,53f8f4ca3b1cf2bed98a297020a38f1bc8d211583f485290f4f597bf10ce4f5f,f941b00bf97b0558b8f8b7f31c120bf44eb340acb1a5e47935b60ce38ac8f8dc,06a5fd47a8baeaccdf5f4362b9fd2d38962ef4f61079e29bd0c6797c462e19fd,interface/450K/Real/Ti_Term,typical
mapped/interface/450K/Real/Ti_Term/SiN-TiN-Ti-term_O_x1.0,2900,2901,0.0177,last_printed_rms_c,6,4386787de8b2c5308b766e4b223d5130693d0520f32f5eb4b5ad761f1fede33f,d405026ed46112da9ec17b51b833f14bcc5a676d7f8c2526993a5863c6e1a27e,a953107faf02242320c5da050160e7ef4616ac89b6b446ad7c4f0dc7ad69b377,interface/450K/Real/Ti_Term,worst
