source_id,role,status,candidate,source_frames,candidate_frames,fingerprint,outcar_sha256,run,reason,issues
mapped/interface/300K/Real/N_Term/SiN_TiN_N-term,train,REVIEW,True,3000,600,cce8268e4551f58a507ec0e5183f0c8030d76ec37b8dc3b0d4a84aa68b8adaaa,c5991cbc9665f4931fdd4507b760f77e5c402fab4f93e009e2fdbc0a5b91279b,/ddnB/work/lgutsev/LATech_PROJS/Cer_Interface/MD_Period/Step2_300K/Real/N_Term/SiN_TiN_N-term,,"['KPOINT_CONVERGENCE_UNVERIFIED', 'LREAL_MODE_UNVERIFIED', 'SCF_RESIDUAL']"
mapped/interface/300K/Real/N_Term/SiN_TiN_N-term_O_x0.25,train,REVIEW,True,3000,600,d9e2032cab34a186380b99912b207a6c752b844278afd53938604cba041a675e,93915325df68e0849a4e203146744b0c3cb3e2fe0c53106d70fc087a5a9a18dd,/ddnB/work/lgutsev/LATech_PROJS/Cer_Interface/MD_Period/Step2_300K/Real/N_Term/SiN_TiN_N-term_O_x0.25,,"['KPOINT_CONVERGENCE_UNVERIFIED', 'LREAL_MODE_UNVERIFIED', 'SCF_RESIDUAL']"
mapped/interface/300K/Real/N_Term/SiN_TiN_N-term_O_x0.5,train,REVIEW,True,3000,600,5500733fbfdd6bf69b8ea9d9864b18cf4ffd50450ebc635c6a60cfe71d7f2f19,37995ffd95772960e840e1ef787dd89569b9aca9df1a5aaf0b454ba2bba7a2d7,/ddnB/work/lgutsev/LATech_PROJS/Cer_Interface/MD_Period/Step2_300K/Real/N_Term/SiN_TiN_N-term_O_x0.5,,"['KPOINT_CONVERGENCE_UNVERIFIED', 'LREAL_MODE_UNVERIFIED', 'SCF_RESIDUAL']"
mapped/interface/300K/Real/N_Term/SiN_TiN_N-term_O_x0.75,train,REVIEW,True,3000,600,ae33ff2ddd36fc9bf7cad319cb4e4c64d9bee8acd095e31f41e0845f1ccd7064,36de8025034498a84cec824abbeaead68587fef31412978f1a5bc195730ba014,/ddnB/work/lgutsev/LATech_PROJS/Cer_Interface/MD_Period/Step2_300K/Real/N_Term/SiN_TiN_N-term_O_x0.75,,"['KPOINT_CONVERGENCE_UNVERIFIED', 'LREAL_MODE_UNVERIFIED', 'SCF_RESIDUAL']"
mapped/interface/300K/Real/N_Term/SiN_TiN_N-term_O_x1.00,train,REVIEW,True,3000,600,1f8e4ba244acfc53f7d80ed6c34ffd80df76856fc44711cce0f87818d61faa06,4dfb59680fd22ba34630d256dd68c0ffaf734c741b128bb12a6b7328094a5c24,/ddnB/work/lgutsev/LATech_PROJS/Cer_Interface/MD_Period/Step2_300K/Real/N_Term/SiN_TiN_N-term_O_x1.00,,"['KPOINT_CONVERGENCE_UNVERIFIED', 'LREAL_MODE_UNVERIFIED', 'SCF_RESIDUAL']"
mapped/interface/300K/Real/Ti_Term/SiN-TiN-Ti-term,train,REVIEW,True,3000,600,6ed5332c5da23b4a78c73904cc13ec54d51e92a3c637c73b0a83eedd6fccf9be,a912b131bcb72452306a40c6409aeaf6fc773684cffaab5769304dc69f14558a,/ddnB/work/lgutsev/LATech_PROJS/Cer_Interface/MD_Period/Step2_300K/Real/Ti_Term/SiN-TiN-Ti-term,,"['KPOINT_CONVERGENCE_UNVERIFIED', 'LREAL_MODE_UNVERIFIED', 'SCF_RESIDUAL']"
mapped/interface/300K/Real/Ti_Term/SiN-TiN-Ti-term_O_x0.25,train,REVIEW,True,3000,600,2753e2147f10e62d61e22616a00622d081be9be29a73090907f4ca29d70f4012,0256af7fd976462ef8581c5fc9d6e937817326134d2fec9bd14be83eda721a71,/ddnB/work/lgutsev/LATech_PROJS/Cer_Interface/MD_Period/Step2_300K/Real/Ti_Term/SiN-TiN-Ti-term_O_x0.25,,"['KPOINT_CONVERGENCE_UNVERIFIED', 'LREAL_MODE_UNVERIFIED', 'SCF_RESIDUAL']"
mapped/interface/300K/Real/Ti_Term/SiN-TiN-Ti-term_O_x0.5,train,REVIEW,True,3000,600,7b04f40f92b03d566a7cae9b3ef8e8aef80de88dfc645a6c9d6d64fb4c3529fb,89566476d21cdea164a0016741c070c9c8fdd6ed58f3631edd0e9a14e9dde8c2,/ddnB/work/lgutsev/LATech_PROJS/Cer_Interface/MD_Period/Step2_300K/Real/Ti_Term/SiN-TiN-Ti-term_O_x0.5,,"['KPOINT_CONVERGENCE_UNVERIFIED', 'LREAL_MODE_UNVERIFIED', 'SCF_RESIDUAL']"
mapped/interface/300K/Real/Ti_Term/SiN-TiN-Ti-term_O_x0.75,train,REVIEW,True,3000,600,9c8f4d1c7bcaf9444fddc78d85923be1dd26e98f9f817908b5c18891c2165b7a,adc56681da9447948cab9ed168358af19eea219e443e03dc8ede46ba8cfed4cd,/ddnB/work/lgutsev/LATech_PROJS/Cer_Interface/MD_Period/Step2_300K/Real/Ti_Term/SiN-TiN-Ti-term_O_x0.75,,"['KPOINT_CONVERGENCE_UNVERIFIED', 'LREAL_MODE_UNVERIFIED', 'SCF_RESIDUAL']"
mapped/interface/300K/Real/Ti_Term/SiN-TiN-Ti-term_O_x1.0,train,REVIEW,True,3000,600,6b26e438727945769e31c224c156381a44bbaebd074b777f0a72e230b95d68e6,d6369c473185368fa4999ac66a446069e109a4655266bf4779077a40b6c78696,/ddnB/work/lgutsev/LATech_PROJS/Cer_Interface/MD_Period/Step2_300K/Real/Ti_Term/SiN-TiN-Ti-term_O_x1.0,,"['KPOINT_CONVERGENCE_UNVERIFIED', 'LREAL_MODE_UNVERIFIED', 'SCF_RESIDUAL']"
mapped/interface/450K/Real/N_Term/SiN_TiN_N-term,train,REVIEW,True,3000,600,1b252a8fc1be55cd9fbcf8ef7a61a06e1aa906fdb7d8780613990167eca8a7bc,36e4e308b523d122af9ee3072baacc18e4de4d04f02bdc90462b2829827901a5,/ddnB/work/lgutsev/LATech_PROJS/Cer_Interface/MD_Period/Step2_450K/Real/N_Term/SiN_TiN_N-term,,"['KPOINT_CONVERGENCE_UNVERIFIED', 'LREAL_MODE_UNVERIFIED', 'SCF_RESIDUAL']"
mapped/interface/450K/Real/N_Term/SiN_TiN_N-term_O_x0.25,train,REVIEW,True,3000,600,ffd89d4da3f5ba6f93923aef12646af69837b3e66369d9b82dac1b92736b4ea4,ccb1e0725cc5dd51ac1c2e157891abd9aa70cf84421bf17a650c930305d030e6,/ddnB/work/lgutsev/LATech_PROJS/Cer_Interface/MD_Period/Step2_450K/Real/N_Term/SiN_TiN_N-term_O_x0.25,,"['KPOINT_CONVERGENCE_UNVERIFIED', 'LREAL_MODE_UNVERIFIED', 'SCF_RESIDUAL']"
mapped/interface/450K/Real/N_Term/SiN_TiN_N-term_O_x0.5,train,REVIEW,True,3000,600,d297860ef303223c33d06b34b470a0bd2dc631874612d27ce84a19ff1fbb4963,3a72c8fc12643af72976e6c1237ca9ed7169730f7e3e5e6f7e9efc54cc605145,/ddnB/work/lgutsev/LATech_PROJS/Cer_Interface/MD_Period/Step2_450K/Real/N_Term/SiN_TiN_N-term_O_x0.5,,"['KPOINT_CONVERGENCE_UNVERIFIED', 'LREAL_MODE_UNVERIFIED', 'SCF_RESIDUAL']"
mapped/interface/450K/Real/N_Term/SiN_TiN_N-term_O_x0.75,train,REVIEW,True,3000,600,27bd3f4ab5396fdf17c599554d551e9679c886e59f6a45287a38467076c12019,dc955d86b0b8c1d31d3049488c04ca8625592e5b96d39fb32868dd1e8fe797f5,/ddnB/work/lgutsev/LATech_PROJS/Cer_Interface/MD_Period/Step2_450K/Real/N_Term/SiN_TiN_N-term_O_x0.75,,"['KPOINT_CONVERGENCE_UNVERIFIED', 'LREAL_MODE_UNVERIFIED', 'SCF_RESIDUAL']"
mapped/interface/450K/Real/N_Term/SiN_TiN_N-term_O_x1.00,train,REVIEW,True,3000,600,05c3aa2664450bdd573ed0a8215dcaceaa5c25c33546d888cf66d4b689502f87,3cbd9374a6f6d9c3ebe98d2665f0c210bfd11d3a9fe912215665d9563a6aa7f7,/ddnB/work/lgutsev/LATech_PROJS/Cer_Interface/MD_Period/Step2_450K/Real/N_Term/SiN_TiN_N-term_O_x1.00,,"['KPOINT_CONVERGENCE_UNVERIFIED', 'LREAL_MODE_UNVERIFIED', 'SCF_RESIDUAL']"
mapped/interface/450K/Real/Ti_Term/SiN-TiN-Ti-term,train,REVIEW,True,3000,600,aeb5f85b15e9cf1a30db2bf380b121417bade9dba249cfece914e5a52f86abb8,a9fd389fc247a5b588eb0863232f17b41df63afc0c378a7d6f726582adb409f7,/ddnB/work/lgutsev/LATech_PROJS/Cer_Interface/MD_Period/Step2_450K/Real/Ti_Term/SiN-TiN-Ti-term,,"['KPOINT_CONVERGENCE_UNVERIFIED', 'LREAL_MODE_UNVERIFIED', 'SCF_RESIDUAL']"
mapped/interface/450K/Real/Ti_Term/SiN-TiN-Ti-term_O_x0.25,train,REVIEW,True,3000,600,53f8f4ca3b1cf2bed98a297020a38f1bc8d211583f485290f4f597bf10ce4f5f,f941b00bf97b0558b8f8b7f31c120bf44eb340acb1a5e47935b60ce38ac8f8dc,/ddnB/work/lgutsev/LATech_PROJS/Cer_Interface/MD_Period/Step2_450K/Real/Ti_Term/SiN-TiN-Ti-term_O_x0.25,,"['KPOINT_CONVERGENCE_UNVERIFIED', 'LREAL_MODE_UNVERIFIED', 'SCF_RESIDUAL']"
mapped/interface/450K/Real/Ti_Term/SiN-TiN-Ti-term_O_x0.5,train,REVIEW,True,3000,600,f4e2e8f0df3b642957efb01ebd79afdc82923794f78c6f9a78e33791e82c5b85,178db80fa29934cd212967efec4a6d9a4c05ca59e63275fa650da9b86d04bcaa,/ddnB/work/lgutsev/LATech_PROJS/Cer_Interface/MD_Period/Step2_450K/Real/Ti_Term/SiN-TiN-Ti-term_O_x0.5,,"['KPOINT_CONVERGENCE_UNVERIFIED', 'LREAL_MODE_UNVERIFIED', 'SCF_RESIDUAL']"
mapped/interface/450K/Real/Ti_Term/SiN-TiN-Ti-term_O_x0.75,train,REVIEW,True,3000,600,c6354c4ced753c4b795830ef82fa4f1711a01a5a285cc5820479af6f68ecd7b7,327a527e9f9c1afba803ff3f5d52fbe51bf7458f4b6e217b89cf3b2f9903e33a,/ddnB/work/lgutsev/LATech_PROJS/Cer_Interface/MD_Period/Step2_450K/Real/Ti_Term/SiN-TiN-Ti-term_O_x0.75,,"['KPOINT_CONVERGENCE_UNVERIFIED', 'LREAL_MODE_UNVERIFIED', 'SCF_RESIDUAL']"
mapped/interface/450K/Real/Ti_Term/SiN-TiN-Ti-term_O_x1.0,train,REVIEW,True,3000,600,4386787de8b2c5308b766e4b223d5130693d0520f32f5eb4b5ad761f1fede33f,d405026ed46112da9ec17b51b833f14bcc5a676d7f8c2526993a5863c6e1a27e,/ddnB/work/lgutsev/LATech_PROJS/Cer_Interface/MD_Period/Step2_450K/Real/Ti_Term/SiN-TiN-Ti-term_O_x1.0,,"['KPOINT_CONVERGENCE_UNVERIFIED', 'LREAL_MODE_UNVERIFIED', 'SCF_RESIDUAL']"
mapped/interface/300K/Ideal/N_Term/SiN_TiN_N-term,train,REVIEW,True,3000,600,8cfb54c7e7c37b254f3144d21fc4bdfa685364730cce5c0d025fc6a5c2bf656d,4579f4026ab68fcc417677e77f65ed1d3675c23260b4cc4d15e35eb31dd3c259,/ddnB/work/lgutsev/LATech_PROJS/Cer_Interface/MD_Period/Step2_300K/Ideal/N_Term/SiN_TiN_N-term,,"['KPOINT_CONVERGENCE_UNVERIFIED', 'LREAL_MODE_UNVERIFIED', 'SCF_RESIDUAL']"
mapped/interface/300K/Ideal/N_Term/SiN_TiN_N-term_O_x0.25,train,REVIEW,True,3000,600,f1a225a25aa86108e7dbf506496f4368c603c910ec5ffed90126056fa434a1c4,8a1fcddb92c5e27e6f5b633f683da71c70512735962398e4dc3fa79cceba5116,/ddnB/work/lgutsev/LATech_PROJS/Cer_Interface/MD_Period/Step2_300K/Ideal/N_Term/SiN_TiN_N-term_O_x0.25,,"['KPOINT_CONVERGENCE_UNVERIFIED', 'LREAL_MODE_UNVERIFIED', 'SCF_RESIDUAL']"
mapped/interface/300K/Ideal/N_Term/SiN_TiN_N-term_O_x0.5,train,REVIEW,True,3000,600,df7846f7f8cc43a7a37d75a1e3c95c2f9e33d6935eae19ecaaadb74915875fda,82438d9db4ed06db93dc7f1e8682868a10435a3371978e295523ea58abd31abb,/ddnB/work/lgutsev/LATech_PROJS/Cer_Interface/MD_Period/Step2_300K/Ideal/N_Term/SiN_TiN_N-term_O_x0.5,,"['KPOINT_CONVERGENCE_UNVERIFIED', 'LREAL_MODE_UNVERIFIED', 'SCF_RESIDUAL']"
mapped/interface/300K/Ideal/N_Term/SiN_TiN_N-term_O_x0.75,train,REVIEW,True,3000,600,04188d3cc13910ab0cfef2d1ac28d4dab2bc8276f51ea86561937cf3447c67e3,bbf3dd7eab83ee845329032d31249253ec9ca7d9b87619d963c05ed8e88de9cd,/ddnB/work/lgutsev/LATech_PROJS/Cer_Interface/MD_Period/Step2_300K/Ideal/N_Term/SiN_TiN_N-term_O_x0.75,,"['KPOINT_CONVERGENCE_UNVERIFIED', 'LREAL_MODE_UNVERIFIED', 'SCF_RESIDUAL']"
mapped/interface/300K/Ideal/N_Term/SiN_TiN_N-term_O_x1.00,train,REVIEW,True,3000,600,e3c06fa82874c0a0d4e42fd92b0094bb5a4dd93c1ac8c40347bb7a9eeb9acecc,d2fac51ed7f1e9c82168e7a1790ad6184d28f0a9b36608c504da7a2c1920c243,/ddnB/work/lgutsev/LATech_PROJS/Cer_Interface/MD_Period/Step2_300K/Ideal/N_Term/SiN_TiN_N-term_O_x1.00,,"['KPOINT_CONVERGENCE_UNVERIFIED', 'LREAL_MODE_UNVERIFIED', 'SCF_RESIDUAL']"
mapped/interface/300K/Ideal/Ti_Term/SiN-TiN-Ti-term,train,REVIEW,True,3000,600,97a15c83d65d5a0ed3c5e06b8633f4af4e6d28bf60d81402458ad20df796d543,411cd9f247743072a81fad85743d41501ec228cc8a34f1b62cb48b718b7b9deb,/ddnB/work/lgutsev/LATech_PROJS/Cer_Interface/MD_Period/Step2_300K/Ideal/Ti_Term/SiN-TiN-Ti-term,,"['KPOINT_CONVERGENCE_UNVERIFIED', 'LREAL_MODE_UNVERIFIED', 'SCF_RESIDUAL']"
mapped/interface/300K/Ideal/Ti_Term/SiN-TiN-Ti-term_O_x0.25,train,REVIEW,True,3000,600,02a0240f2adbca2d7a515c3a727bf0e630a05c1dfb6fd0079d73d0eaeb548c73,59d0e7e2b9646ba97ef713b0a4d4d65277aaf96e717d101d5efbed3947431455,/ddnB/work/lgutsev/LATech_PROJS/Cer_Interface/MD_Period/Step2_300K/Ideal/Ti_Term/SiN-TiN-Ti-term_O_x0.25,,"['KPOINT_CONVERGENCE_UNVERIFIED', 'LREAL_MODE_UNVERIFIED', 'SCF_RESIDUAL']"
mapped/interface/300K/Ideal/Ti_Term/SiN-TiN-Ti-term_O_x0.5,train,REVIEW,True,3000,600,59c1e482f2e7dd092ad7a4366beb3a56d9de468c2a552e4154aefd41af0f37ad,eca46541d11554772de55a7d29fb5034c9a8cad4fb6f341441c31c96436f60d6,/ddnB/work/lgutsev/LATech_PROJS/Cer_Interface/MD_Period/Step2_300K/Ideal/Ti_Term/SiN-TiN-Ti-term_O_x0.5,,"['KPOINT_CONVERGENCE_UNVERIFIED', 'LREAL_MODE_UNVERIFIED', 'SCF_RESIDUAL']"
mapped/interface/300K/Ideal/Ti_Term/SiN-TiN-Ti-term_O_x0.75,train,REVIEW,True,3000,600,9b75bfcf7998971d7e37656e64a38d0f8c4bfbd77d640c7049ef075c835a5929,c3c9623e31a9c52aa1e20cb733c470c6e3a8b89daff18dc5d7c3f6822c02de78,/ddnB/work/lgutsev/LATech_PROJS/Cer_Interface/MD_Period/Step2_300K/Ideal/Ti_Term/SiN-TiN-Ti-term_O_x0.75,,"['KPOINT_CONVERGENCE_UNVERIFIED', 'LREAL_MODE_UNVERIFIED', 'SCF_RESIDUAL']"
mapped/interface/300K/Ideal/Ti_Term/SiN-TiN-Ti-term_O_x1.0,train,REVIEW,True,3000,600,795bf98620e995ca6e0ef3ee0a3a43bb51129989669cc47f45b4bb46f720c50e,189170e40e27f40e294c7999e609f0f378fe19cf40aad57b532153e1cf8e92d5,/ddnB/work/lgutsev/LATech_PROJS/Cer_Interface/MD_Period/Step2_300K/Ideal/Ti_Term/SiN-TiN-Ti-term_O_x1.0,,"['KPOINT_CONVERGENCE_UNVERIFIED', 'LREAL_MODE_UNVERIFIED', 'SCF_RESIDUAL']"
mapped/interface/450K/Ideal/N_Term/SiN_TiN_N-term,train,REVIEW,True,3000,600,552e70b287d53a6eaa9332fb77a9dd460f86985873307244871a060d9cf9d4ba,20bda9cfaeb2bd92ffd52b499264b42fea88fa963b15fa5b3bd940a42060b96e,/ddnB/work/lgutsev/LATech_PROJS/Cer_Interface/MD_Period/Step2_450K/Ideal/N_Term/SiN_TiN_N-term,,"['KPOINT_CONVERGENCE_UNVERIFIED', 'LREAL_MODE_UNVERIFIED', 'SCF_RESIDUAL']"
mapped/interface/450K/Ideal/N_Term/SiN_TiN_N-term_O_x0.25,train,REVIEW,True,3000,600,86f5e8e73f7a48ecb0321f7035f08ade2a305f858a4f9039a07efbfe5539dae6,2d349bfa0ab64ba5364afdfee161d825f5081fa75b7dde046d3168c96fbf82bf,/ddnB/work/lgutsev/LATech_PROJS/Cer_Interface/MD_Period/Step2_450K/Ideal/N_Term/SiN_TiN_N-term_O_x0.25,,"['KPOINT_CONVERGENCE_UNVERIFIED', 'LREAL_MODE_UNVERIFIED', 'SCF_RESIDUAL']"
mapped/interface/450K/Ideal/N_Term/SiN_TiN_N-term_O_x0.5,train,REVIEW,True,3000,600,e48780e138b10794c4428f63ea26c35614bdf0f94f6a0876b21e8d99fd73c982,827e715d6af1eb7fac6040d0b6dbd4af66b160825b76cba878b0502c3166344d,/ddnB/work/lgutsev/LATech_PROJS/Cer_Interface/MD_Period/Step2_450K/Ideal/N_Term/SiN_TiN_N-term_O_x0.5,,"['KPOINT_CONVERGENCE_UNVERIFIED', 'LREAL_MODE_UNVERIFIED', 'SCF_RESIDUAL']"
mapped/interface/450K/Ideal/N_Term/SiN_TiN_N-term_O_x0.75,train,REVIEW,True,3000,600,8eaf80dc86401ebe78c7cbe4accb252b3ee7c3a3e1ed031da91009c853613a42,a273f2fedb89b09ad58ca98e9b44aabb738133981f608f94ed2c1c1c80ecbbcf,/ddnB/work/lgutsev/LATech_PROJS/Cer_Interface/MD_Period/Step2_450K/Ideal/N_Term/SiN_TiN_N-term_O_x0.75,,"['KPOINT_CONVERGENCE_UNVERIFIED', 'LREAL_MODE_UNVERIFIED', 'SCF_RESIDUAL']"
mapped/interface/450K/Ideal/N_Term/SiN_TiN_N-term_O_x1.00,train,REVIEW,True,3000,600,88430eeb3ac596ca60b24b9f4a00fd00a60bd8dc4d1aa7683c3e01a8c2748a0d,255d3ca7ca9ac588312c1c726783ef721251d2c8a7e66372fb3bb3581e31b2cb,/ddnB/work/lgutsev/LATech_PROJS/Cer_Interface/MD_Period/Step2_450K/Ideal/N_Term/SiN_TiN_N-term_O_x1.00,,"['KPOINT_CONVERGENCE_UNVERIFIED', 'LREAL_MODE_UNVERIFIED', 'SCF_RESIDUAL']"
mapped/interface/450K/Ideal/Ti_Term/SiN-TiN-Ti-term,train,REVIEW,True,3000,600,82599b6357c1e980473eb1017f57634d4111a9ee2815089cebe5d7c0e7a00d79,b99f7f96174ede65b9e0d2f49dea37862ea946e22f57a8e32ecd5f873a8a3125,/ddnB/work/lgutsev/LATech_PROJS/Cer_Interface/MD_Period/Step2_450K/Ideal/Ti_Term/SiN-TiN-Ti-term,,"['KPOINT_CONVERGENCE_UNVERIFIED', 'LREAL_MODE_UNVERIFIED', 'SCF_RESIDUAL']"
mapped/interface/450K/Ideal/Ti_Term/SiN-TiN-Ti-term_O_x0.25,train,REVIEW,True,3000,600,02256520e37da0f45083d4df2b55e929e1bc1ba769bdc9b7d872fb8b43e4738f,3997b183daad4cfbeb9009a64e89958f81a55ca99b8f3fc6cf96657316a3660b,/ddnB/work/lgutsev/LATech_PROJS/Cer_Interface/MD_Period/Step2_450K/Ideal/Ti_Term/SiN-TiN-Ti-term_O_x0.25,,"['KPOINT_CONVERGENCE_UNVERIFIED', 'LREAL_MODE_UNVERIFIED', 'SCF_RESIDUAL']"
mapped/interface/450K/Ideal/Ti_Term/SiN-TiN-Ti-term_O_x0.5,train,REVIEW,True,3000,600,e0d8d00dbc9e3d80249bccd64cc7f0d777f42f396d436f278a891ce4a39b42cd,3ad2521437fab93a6c0243109c1e01c59891dbd7662be65763489e35fe158df4,/ddnB/work/lgutsev/LATech_PROJS/Cer_Interface/MD_Period/Step2_450K/Ideal/Ti_Term/SiN-TiN-Ti-term_O_x0.5,,"['KPOINT_CONVERGENCE_UNVERIFIED', 'LREAL_MODE_UNVERIFIED', 'SCF_RESIDUAL']"
mapped/interface/450K/Ideal/Ti_Term/SiN-TiN-Ti-term_O_x0.75,train,REVIEW,True,3000,600,3bca39490f2c794f0c4eaa5079d7585c4cdd84c09a87f313978e2f0b42d8089d,35cc738553f15ad38836eb69b44688fbea2e0bffe9c3c349760338ecabdc4e32,/ddnB/work/lgutsev/LATech_PROJS/Cer_Interface/MD_Period/Step2_450K/Ideal/Ti_Term/SiN-TiN-Ti-term_O_x0.75,,"['KPOINT_CONVERGENCE_UNVERIFIED', 'LREAL_MODE_UNVERIFIED', 'SCF_RESIDUAL']"
mapped/interface/450K/Ideal/Ti_Term/SiN-TiN-Ti-term_O_x1.0,train,REVIEW,True,3000,600,8e58c6e4feea5db3a251b4d85a2f75782ba6d07da7ffc06fd30ea1b12ad35f5c,35b179e964d481bfc06924f93e9b9f65676e29fef11716694f224daa5d0368e7,/ddnB/work/lgutsev/LATech_PROJS/Cer_Interface/MD_Period/Step2_450K/Ideal/Ti_Term/SiN-TiN-Ti-term_O_x1.0,,"['KPOINT_CONVERGENCE_UNVERIFIED', 'LREAL_MODE_UNVERIFIED', 'SCF_RESIDUAL']"
mapped/bulk/SiN-Bulk_300K/.,train,REVIEW,True,3000,600,67a6337f32216e74c09fd6cf250c7fffe2ab579d78c5e8d19506f6ab4f268ed9,f635c48aa65c7385992b38bd6fcfd93fc1468bbcebb850decb81c06fb28ea000,/ddnB/work/lgutsev/LATech_PROJS/Cer_Interface/MD_Vac/Step2_Bulk/SiN-Bulk_300K,,"['KPOINT_CONVERGENCE_UNVERIFIED', 'LREAL_MODE_UNVERIFIED', 'SCF_RESIDUAL']"
mapped/bulk/SiN-Bulk_450K/.,train,QUARANTINED,False,3000,0,51eab0843a4412089157d651e07210eb3f32b68faf66db43fddf4acee86d9cc4,847e1f484904a5716fe80981c67c9adb6fe96b9899da2199524fc570ad3de3e7,/ddnB/work/lgutsev/LATech_PROJS/Cer_Interface/MD_Vac/Step2_Bulk/SiN-Bulk_450K,Quarantined: persistent large temperature cycles in original 450 K MD; sampling unqualified,"['KPOINT_CONVERGENCE_UNVERIFIED', 'LREAL_MODE_UNVERIFIED', 'SCF_RESIDUAL']"
mapped/bulk/TiN-Bulk_300K/.,train,REVIEW,True,3000,600,6673b72784c49f5211181f1609bacebf181462776916d4d98672fb610b823daf,b5dc550a002db9e2d0f91f5a9330f9ebbc53d3000306ccb0fe203afc12e3207e,/ddnB/work/lgutsev/LATech_PROJS/Cer_Interface/MD_Vac/Step2_Bulk/TiN-Bulk_300K,,"['KPOINT_CONVERGENCE_UNVERIFIED', 'LREAL_MODE_UNVERIFIED', 'SCF_RESIDUAL']"
mapped/bulk/TiN-Bulk_450K/.,train,QUARANTINED,False,3000,0,f46eb446ca74a62adba4fd0d72730ff91218a61411cdf6ba633005fb8605b1b8,0e4f116861e60c01604d4a55eafa360679aec60c8b20831b06b3d2ebf7038c2b,/ddnB/work/lgutsev/LATech_PROJS/Cer_Interface/MD_Vac/Step2_Bulk/TiN-Bulk_450K,Quarantined: original 450 K MD temperature cycling reported by campaign owner; sampling unqualified,"['KPOINT_CONVERGENCE_UNVERIFIED', 'LREAL_MODE_UNVERIFIED', 'SCF_RESIDUAL']"
mapped/bulk/TiO-Bulk-Real_300K/.,train,REVIEW,True,3000,600,d1965259545c89b429034c8627ed98cd1589c86808edb024ab5e5fc51197ff61,40a189df4dd0bb0cbb1c3ee830875562742ff54e39f40b486f1af01c3999cd67,/ddnB/work/lgutsev/LATech_PROJS/Cer_Interface/MD_Vac/Step2_Bulk/TiO-Bulk-Real_300K,,"['KPOINT_CONVERGENCE_UNVERIFIED', 'LREAL_MODE_UNVERIFIED', 'SCF_RESIDUAL']"
mapped/bulk/TiO-Bulk-Real_450K/.,train,REVIEW,True,3000,600,278ba3614c8a0b22cdf99ba8613a556474fba243117f29643d44ef8543ac645c,2ae2857551062d74b682d55a8c163833bba427b86385560c38b8323f0b47bbf6,/ddnB/work/lgutsev/LATech_PROJS/Cer_Interface/MD_Vac/Step2_Bulk/TiO-Bulk-Real_450K,,"['KPOINT_CONVERGENCE_UNVERIFIED', 'LREAL_MODE_UNVERIFIED', 'SCF_RESIDUAL']"
mapped/bulk/TiO-Bulk-Ideal_300K/.,train,QUARANTINED,False,3000,0,d5b151f15dcf564a9f58307cc912c572bb94b8723521c7b07fa0da97141cf32f,0663b39682c96623edcd9b0fa4423c91199e4fd77becc01310fd2db06ccca951,/ddnB/work/lgutsev/LATech_PROJS/Cer_Interface/MD_Vac/Step2_Bulk/TiO-Bulk-Ideal_300K,Quarantined: pathological original MD and unconverged electronic sampling,"['KPOINT_CONVERGENCE_UNVERIFIED', 'LARGE_STRESS', 'LREAL_MODE_UNVERIFIED', 'SCF_RESIDUAL', 'TEMPERATURE_DISTRIBUTION']"
mapped/bulk/TiO-Bulk-Ideal_450K/.,train,QUARANTINED,False,3000,0,bec491bf34282e5f85efd1ff6260c3d91dc934f3505e5a2e0ad9892fd098a11d,a077fbdf07125c7ae0cabeabc3cd24a76788edf0a2e0b8487fb7425604c2a1b4,/ddnB/work/lgutsev/LATech_PROJS/Cer_Interface/MD_Vac/Step2_Bulk/TiO-Bulk-Ideal_450K,Quarantined: pathological original MD and unconverged electronic sampling,"['KPOINT_CONVERGENCE_UNVERIFIED', 'LARGE_STRESS', 'LREAL_MODE_UNVERIFIED', 'SCF_RESIDUAL', 'TEMPERATURE_DISTRIBUTION']"
bulk_inventory/X_OutPackLite_MDStep2_Bulk_Oct1_2026/SiN-Bulk_300K,train,QUARANTINED,False,0,0,961b33175a96e3edf859249f05f082c5ff736c34020948271e994be73d7290f1,,/ddnB/work/lgutsev/LATech_PROJS/Cer_Interface/MD_Vac/Step2_Bulk/X_OutPackLite_MDStep2_Bulk_Oct1_2026/SiN-Bulk_300K,"Disabled original branch; inventory retained, not eligible for recollection","['KPOINT_CONVERGENCE_UNVERIFIED', 'LABELS_NOT_SCANNED', 'MISSING_INPUT', 'MISSING_OUTCAR', 'SCF_RESIDUAL']"
bulk_inventory/X_OutPackLite_MDStep2_Bulk_Oct1_2026/SiN-Bulk_450K,train,QUARANTINED,False,0,0,27676d8e697054a42ef923fcc61848efe5a9db39eafc127a621d3b496c902d81,,/ddnB/work/lgutsev/LATech_PROJS/Cer_Interface/MD_Vac/Step2_Bulk/X_OutPackLite_MDStep2_Bulk_Oct1_2026/SiN-Bulk_450K,Exclude unqualified original SiN 450 K sampling from every active split; preserve raw files,"['KPOINT_CONVERGENCE_UNVERIFIED', 'LABELS_NOT_SCANNED', 'MISSING_INPUT', 'MISSING_OUTCAR', 'SCF_RESIDUAL']"
bulk_inventory/X_OutPackLite_MDStep2_Bulk_Oct1_2026/TiN-Bulk_300K,train,QUARANTINED,False,0,0,bfdef0cbc28807a08d4155d28fc1d16057cf64de4cb5bc4c28fad4111d6e66ca,,/ddnB/work/lgutsev/LATech_PROJS/Cer_Interface/MD_Vac/Step2_Bulk/X_OutPackLite_MDStep2_Bulk_Oct1_2026/TiN-Bulk_300K,"Disabled original branch; inventory retained, not eligible for recollection","['KPOINT_CONVERGENCE_UNVERIFIED', 'LABELS_NOT_SCANNED', 'MISSING_INPUT', 'MISSING_OUTCAR', 'SCF_RESIDUAL']"
bulk_inventory/X_OutPackLite_MDStep2_Bulk_Oct1_2026/TiN-Bulk_450K,train,QUARANTINED,False,0,0,084c162dd9f4d2bb1153768e692784d710deaf61976eb0a0a5492b6f78e2dbf3,,/ddnB/work/lgutsev/LATech_PROJS/Cer_Interface/MD_Vac/Step2_Bulk/X_OutPackLite_MDStep2_Bulk_Oct1_2026/TiN-Bulk_450K,Exclude unqualified original TiN 450 K sampling from every active split; preserve raw files,"['KPOINT_CONVERGENCE_UNVERIFIED', 'LABELS_NOT_SCANNED', 'MISSING_INPUT', 'MISSING_OUTCAR', 'SCF_RESIDUAL']"
bulk_inventory/X_OutPackLite_MDStep2_Bulk_Oct1_2026/TiO-Bulk-Ideal_300K,train,QUARANTINED,False,0,0,c226f11af59505aac70350fbb8544e8e3c5bf9c1495526b9cd84d8d87133e04a,,/ddnB/work/lgutsev/LATech_PROJS/Cer_Interface/MD_Vac/Step2_Bulk/X_OutPackLite_MDStep2_Bulk_Oct1_2026/TiO-Bulk-Ideal_300K,Exclude original TiO-Ideal MD from every active split; preserve raw files,"['KPOINT_CONVERGENCE_UNVERIFIED', 'LABELS_NOT_SCANNED', 'MISSING_INPUT', 'MISSING_OUTCAR', 'SCF_RESIDUAL', 'TEMPERATURE_DISTRIBUTION']"
bulk_inventory/X_OutPackLite_MDStep2_Bulk_Oct1_2026/TiO-Bulk-Ideal_450K,train,QUARANTINED,False,0,0,d6c97046c8e13c9d84607f14ce59e8816db7f1f04cb03596792cff67fe874de4,,/ddnB/work/lgutsev/LATech_PROJS/Cer_Interface/MD_Vac/Step2_Bulk/X_OutPackLite_MDStep2_Bulk_Oct1_2026/TiO-Bulk-Ideal_450K,Exclude original TiO-Ideal MD from every active split; preserve raw files,"['KPOINT_CONVERGENCE_UNVERIFIED', 'LABELS_NOT_SCANNED', 'MISSING_INPUT', 'MISSING_OUTCAR', 'SCF_RESIDUAL', 'TEMPERATURE_DISTRIBUTION']"
bulk_inventory/X_OutPackLite_MDStep2_Bulk_Oct1_2026/TiO-Bulk-Real_300K,train,QUARANTINED,False,0,0,34eeae2216e227366c169f98df21d49fd7c43bf8cac01859ebb3df3db19e8652,,/ddnB/work/lgutsev/LATech_PROJS/Cer_Interface/MD_Vac/Step2_Bulk/X_OutPackLite_MDStep2_Bulk_Oct1_2026/TiO-Bulk-Real_300K,"Disabled original branch; inventory retained, not eligible for recollection","['KPOINT_CONVERGENCE_UNVERIFIED', 'LABELS_NOT_SCANNED', 'MISSING_INPUT', 'MISSING_OUTCAR', 'SCF_RESIDUAL']"
bulk_inventory/X_OutPackLite_MDStep2_Bulk_Oct1_2026/TiO-Bulk-Real_450K,train,QUARANTINED,False,0,0,ae208a2f2697ae360f7cd7a6924e754e8b012c2df60488f978f9226e2b8bd7f6,,/ddnB/work/lgutsev/LATech_PROJS/Cer_Interface/MD_Vac/Step2_Bulk/X_OutPackLite_MDStep2_Bulk_Oct1_2026/TiO-Bulk-Real_450K,"Disabled original branch; inventory retained, not eligible for recollection","['KPOINT_CONVERGENCE_UNVERIFIED', 'LABELS_NOT_SCANNED', 'MISSING_INPUT', 'MISSING_OUTCAR', 'SCF_RESIDUAL']"
wadh/N2_gas,reference,REVIEW,False,9,0,5984948e0d93b074f3f01c210778dd1d8da8b621a87ba13ce1c08f09426c0669,80ea6e2629798120ea50a8aafdecfc4c19c5170a1737b84318d6551445a42019,/ddnB/work/lgutsev/LATech_PROJS/Cer_Interface/MD_Period/Wadh/N2_gas,,"['ENERGY_JUMP', 'KPOINT_CONVERGENCE_UNVERIFIED', 'LARGE_FORCE']"
wadh/O2_gas,reference,REVIEW,False,3,0,7ebc7ca6bdaa03c40457bee053384f0a9215fe7ac9d373335aa29101b6044467,f0172bd9858b1a6cf761c212bfa8dd199d232fcd4d52f57f65308055c247f879,/ddnB/work/lgutsev/LATech_PROJS/Cer_Interface/MD_Period/Wadh/O2_gas,,['KPOINT_CONVERGENCE_UNVERIFIED']
wadh/Si3N4_mp988,reference,REVIEW,False,3,0,2ebebab88b77b5df36f2fd6fe3839af9a463dc0c321e51557c154a0ecb56a5ce,a48cd1d2071199cb9a7c981db70d87cfaf295f6c756c4029a56acb3eda4e9158,/ddnB/work/lgutsev/LATech_PROJS/Cer_Interface/MD_Period/Wadh/Si3N4_mp988,,"['KPOINT_CONVERGENCE_UNVERIFIED', 'LREAL_MODE_UNVERIFIED']"
wadh/SiO2_mp7000,reference,REVIEW,False,9,0,7b3e30b79560db0ee35682538728ba494af382ec8602d9367682f4d155a0cf26,ad72be9fcd1feb5aa44945d22a025b8beff7cd271784bc916147b44721552f07,/ddnB/work/lgutsev/LATech_PROJS/Cer_Interface/MD_Period/Wadh/SiO2_mp7000,,"['KPOINT_CONVERGENCE_UNVERIFIED', 'LREAL_MODE_UNVERIFIED']"
wadh/Si_mp149,reference,REVIEW,False,3,0,03d807c5647022235f08dae1bc12fc836954726785968f46ca0da8dfe0a313f9,559c32a59a75cb5809a96496746442aacc556f37b8b0b4e9f612c89f6af5952c,/ddnB/work/lgutsev/LATech_PROJS/Cer_Interface/MD_Period/Wadh/Si_mp149,,"['KPOINT_CONVERGENCE_UNVERIFIED', 'LREAL_MODE_UNVERIFIED', 'SCF_RESIDUAL']"
wadh/Ti2N_mp8282,reference,REVIEW,False,5,0,c74df472f9edc1df76e8e7a8ca8ad230fe394e06e896769eecaeaf3b83b377ce,0e0a4e4bcd33891d6055daf996cca4595ee625e78cf4d0bf45d6e11546553955,/ddnB/work/lgutsev/LATech_PROJS/Cer_Interface/MD_Period/Wadh/Ti2N_mp8282,,"['KPOINT_CONVERGENCE_UNVERIFIED', 'LREAL_MODE_UNVERIFIED']"
wadh/Ti2O3_mp458,reference,REVIEW,False,5,0,883707c3781abedd0a1fddb4839a46a60a73ad0f880be1d04a54266ee7d2e3c0,e70eb5770bae2af40371306f98bfb139e084fcf6fffba876cabcfda41cc747b8,/ddnB/work/lgutsev/LATech_PROJS/Cer_Interface/MD_Period/Wadh/Ti2O3_mp458,,"['KPOINT_CONVERGENCE_UNVERIFIED', 'LREAL_MODE_UNVERIFIED', 'SCF_RESIDUAL']"
wadh/Ti3O5_mp1147,reference,REVIEW,False,13,0,c35d976c1b865fa995286d9505c77800d50a6e11056178ff117ca0e025dba530,a6bceeb25adb2b47f26653e795cc6a22b7b3c42935b2eecf5152c0ba0e0d67eb,/ddnB/work/lgutsev/LATech_PROJS/Cer_Interface/MD_Period/Wadh/Ti3O5_mp1147,,"['KPOINT_CONVERGENCE_UNVERIFIED', 'LREAL_MODE_UNVERIFIED']"
wadh/Ti3Si_mp980420,reference,REVIEW,False,9,0,0bff1229c3097f3b1ae060c15891d3512497fa0dc532413580356128d5a0b6f2,8a56311d3c0e042efcb1f1e44cf8a3248cee46a1e96c08e7a945a01fb822b0cb,/ddnB/work/lgutsev/LATech_PROJS/Cer_Interface/MD_Period/Wadh/Ti3Si_mp980420,,"['KPOINT_CONVERGENCE_UNVERIFIED', 'LREAL_MODE_UNVERIFIED']"
wadh/Ti4O7_mp12205,reference,REVIEW,False,14,0,cec79e24058a71dd23913c9e4ef1db71c846aa576ae8629f4a664d036c28eabf,1fbab72322d865bb2c3756be1efb2e45f615abe93c2d4ff1849f6a70024b4286,/ddnB/work/lgutsev/LATech_PROJS/Cer_Interface/MD_Period/Wadh/Ti4O7_mp12205,,"['KPOINT_CONVERGENCE_UNVERIFIED', 'LREAL_MODE_UNVERIFIED']"
wadh/Ti5Si3_mp2108,reference,REVIEW,False,12,0,9ad26569a8b83150180177c23b4aef05b0766e1a9b226095ea5b3e95c6ed4a1c,71bc6f09831f252bd00031ba1af5c8dcc21c16c971d8b9ada5104d3dff3efd7c,/ddnB/work/lgutsev/LATech_PROJS/Cer_Interface/MD_Period/Wadh/Ti5Si3_mp2108,,"['KPOINT_CONVERGENCE_UNVERIFIED', 'LREAL_MODE_UNVERIFIED']"
wadh/Ti5Si4_mp505527,reference,REVIEW,False,13,0,8198f4b536baebb83588233ec7a7517ea98397f3024561b00210f00bd9ac3773,e7b13559078d48e0a4d63c8cbd9c999c4d07532f56ee0f4c3158eb748fa52981,/ddnB/work/lgutsev/LATech_PROJS/Cer_Interface/MD_Period/Wadh/Ti5Si4_mp505527,,"['KPOINT_CONVERGENCE_UNVERIFIED', 'LREAL_MODE_UNVERIFIED', 'SCF_RESIDUAL']"
wadh/TiN_mp492,reference,REVIEW,False,3,0,cd39f4592ead54d0924413d419c4680f150bb17053781af546c8607081471f5d,1769b00eb12faa49501ee9c575016dfdbbd3c3788d9befa83ae3ce0b8d790d1a,/ddnB/work/lgutsev/LATech_PROJS/Cer_Interface/MD_Period/Wadh/TiN_mp492,,"['KPOINT_CONVERGENCE_UNVERIFIED', 'LREAL_MODE_UNVERIFIED']"
wadh/TiO2_mp2657,reference,REVIEW,False,5,0,6e72c5a919a9a6167c0c962190a2a8122700fe8215a9b2a05ffdde55ab3eff74,06805f18107dbed47e6ae64a1a19932f3df4b33b68857fe5a77d51be6a32a559,/ddnB/work/lgutsev/LATech_PROJS/Cer_Interface/MD_Period/Wadh/TiO2_mp2657,,"['KPOINT_CONVERGENCE_UNVERIFIED', 'LREAL_MODE_UNVERIFIED']"
wadh/TiO2_mp390,reference,REVIEW,False,8,0,fb12d1b52c87d9fdfc2c4817bda84a07276294aac13ff45c21b891246d922de3,f6e6c3e69aa65e7de03c8e3ee82779e688c7086c2064a89c52aa7721dab61111,/ddnB/work/lgutsev/LATech_PROJS/Cer_Interface/MD_Period/Wadh/TiO2_mp390,,"['KPOINT_CONVERGENCE_UNVERIFIED', 'LREAL_MODE_UNVERIFIED', 'SCF_RESIDUAL']"
wadh/TiO_mp2664,reference,REVIEW,False,3,0,30678b285720ea22abfb84136ab9c0944791a062a29865f26c69d4d3bcfd6f38,28da40ac9c93587a9ff50e71fee51c28c14db023bce6fdb09d58bcdaccc72b40,/ddnB/work/lgutsev/LATech_PROJS/Cer_Interface/MD_Period/Wadh/TiO_mp2664,,"['KPOINT_CONVERGENCE_UNVERIFIED', 'LREAL_MODE_UNVERIFIED']"
wadh/TiSi2_mp2582,reference,REVIEW,False,5,0,bf3512dd8265a567ec0783e73b48c2160da9301849293bdd6a75ceb746ad6f37,53ef22669343d215cee661fd90546ef9d8de60da5d335e422fd9b03c0df1fa7d,/ddnB/work/lgutsev/LATech_PROJS/Cer_Interface/MD_Period/Wadh/TiSi2_mp2582,,"['KPOINT_CONVERGENCE_UNVERIFIED', 'LREAL_MODE_UNVERIFIED']"
wadh/TiSi_mp7092,reference,REVIEW,False,4,0,992a92c3f9ecfccf12dced7dcdbd3f882f59e60783f34bd95d9aecd766784574,9480424c049904ae24ca925c00f527b86f20a6ab250948abadbb528a2eaaff2c,/ddnB/work/lgutsev/LATech_PROJS/Cer_Interface/MD_Period/Wadh/TiSi_mp7092,,"['KPOINT_CONVERGENCE_UNVERIFIED', 'LREAL_MODE_UNVERIFIED']"
wadh/Ti_mp46,reference,REVIEW,False,3,0,442946ec803d7b48fda151af98c607b75f1d027841443662887f1c552b173e1c,fbbf4ff40d2bd0866582c46fbc0f58226b08fd97686757db7fad42bcb0c7bc6d,/ddnB/work/lgutsev/LATech_PROJS/Cer_Interface/MD_Period/Wadh/Ti_mp46,,"['KPOINT_CONVERGENCE_UNVERIFIED', 'LREAL_MODE_UNVERIFIED']"
a2_references/outputs/frame_0000/static,reference,REVIEW,False,1,0,08e8441f40775c5bcfbec33625eeba9107bdf32f1b7056bc083a2fa09f0c8809,1a120a904b4d5f3028bc6bf6b53585b2955576d8b5099eded35725ba2e154c31,/ddnB/work/lgutsev/LATech_PROJS/Cer_Interface/MD_Period/A2_DFT/14_references/outputs/frame_0000/static,,"['KPOINT_CONVERGENCE_UNVERIFIED', 'MISSING_INPUT']"
a2_references/outputs/frame_0001/static,reference,REVIEW,False,1,0,3c92de611192a90debd743d9e6b290d9e0ae4c86f5c76b0762b996533a70aed8,d2926cb9492a7c2388810a01f0571e17cc0673e13a12378da9bb852724d392e4,/ddnB/work/lgutsev/LATech_PROJS/Cer_Interface/MD_Period/A2_DFT/14_references/outputs/frame_0001/static,,"['KPOINT_CONVERGENCE_UNVERIFIED', 'MISSING_INPUT']"
a2_references/outputs/frame_0002/static,reference,REVIEW,False,1,0,2e00e19eba2819462ced437dc0728cf4d990ad3e2a53493d5b57b7318901eb96,9a9a65258c35e9be0826dd7c3ea94e9aa56e5eb3e4c63392181055e7dfe42225,/ddnB/work/lgutsev/LATech_PROJS/Cer_Interface/MD_Period/A2_DFT/14_references/outputs/frame_0002/static,,"['KPOINT_CONVERGENCE_UNVERIFIED', 'MISSING_INPUT']"
a2_references/outputs/frame_0003/static,reference,REVIEW,False,1,0,a15753ea2000af569135bf3b861dfd4e528c7a52c560088659b2d9a0312334eb,b1a5c0669a864b3af1f870f5d41c3266845e8118effcece5529d2bcdfb839507,/ddnB/work/lgutsev/LATech_PROJS/Cer_Interface/MD_Period/A2_DFT/14_references/outputs/frame_0003/static,,"['KPOINT_CONVERGENCE_UNVERIFIED', 'MISSING_INPUT']"
a2_references/outputs/frame_0004/static,reference,REVIEW,False,1,0,3507d55659c61ddc525637fb4d2bd92558ebbe350371894b48b00d00c1fcd94e,2a4b5483b55850de9999d698f88fb7a22955903baf68976ead8eeff6469c8c25,/ddnB/work/lgutsev/LATech_PROJS/Cer_Interface/MD_Period/A2_DFT/14_references/outputs/frame_0004/static,,"['KPOINT_CONVERGENCE_UNVERIFIED', 'MISSING_INPUT']"
a2_references/outputs/frame_0005/static,reference,REVIEW,False,1,0,6d0a8ac1efb846f0ddd0fb15d4d3dd19f0396c2925345edc2b8d88d425411da6,17f680d8590edff766f7090c7e379f162c760db4333fb95b3a1d2c1f0d80c4fb,/ddnB/work/lgutsev/LATech_PROJS/Cer_Interface/MD_Period/A2_DFT/14_references/outputs/frame_0005/static,,"['KPOINT_CONVERGENCE_UNVERIFIED', 'MISSING_INPUT']"
a2_references/outputs/frame_0006/static,reference,REVIEW,False,1,0,0614ff8b22ec245ac7324bd7c05612288846dcbe2165226698aa244607587496,60f20bdba8dd29e1679b732ff67741e315a4e22004615c86ce417d1f2151d8f1,/ddnB/work/lgutsev/LATech_PROJS/Cer_Interface/MD_Period/A2_DFT/14_references/outputs/frame_0006/static,,"['KPOINT_CONVERGENCE_UNVERIFIED', 'MISSING_INPUT']"
a2_references/outputs/frame_0007/static,reference,REVIEW,False,1,0,735047548ea63f0506ec3a053d03a55fce8cd2ff814e03ea62d5683cdfe95838,3b51c0582aed33270b12cef7ddffc70cbaf545862d6cac8221367dc1b6e53f86,/ddnB/work/lgutsev/LATech_PROJS/Cer_Interface/MD_Period/A2_DFT/14_references/outputs/frame_0007/static,,"['KPOINT_CONVERGENCE_UNVERIFIED', 'MISSING_INPUT']"
a2_references/outputs/frame_0008/static,reference,REVIEW,False,1,0,bc00a592843187608dbaf63266c0c50c3c99af03125b18adc531a5183c51dec2,c28049120e2cb0c1c83878e7d148a4db502826679fc517c5462fa88620f78b13,/ddnB/work/lgutsev/LATech_PROJS/Cer_Interface/MD_Period/A2_DFT/14_references/outputs/frame_0008/static,,"['KPOINT_CONVERGENCE_UNVERIFIED', 'MISSING_INPUT']"
a2_references/outputs/frame_0009/relax_ions,reference,REVIEW,False,11,0,0b4ebda4c5dfd48ffb137d3927329116e0a4b4c9168c3d8b1086d4b76786d64e,34bef673d997380025c195d28caab09d2334d0d481bdfc742999af937410c243,/ddnB/work/lgutsev/LATech_PROJS/Cer_Interface/MD_Period/A2_DFT/14_references/outputs/frame_0009/relax_ions,,"['KPOINT_CONVERGENCE_UNVERIFIED', 'MISSING_INPUT']"
a2_references/outputs/frame_0010/relax_ions,reference,REVIEW,False,28,0,565f0f51622eba046e83a95dd77434ac4b6f6c581542ca0aefc9bdf18233833e,09b2b0f8c371a9b0cfc4e5e2e23054841648beb2587b9b648cc2f7540eb70641,/ddnB/work/lgutsev/LATech_PROJS/Cer_Interface/MD_Period/A2_DFT/14_references/outputs/frame_0010/relax_ions,,"['KPOINT_CONVERGENCE_UNVERIFIED', 'MISSING_INPUT']"
a2_references/outputs/frame_0011/relax_ions,reference,REVIEW,False,19,0,99217d6f60e3eb337a7c7613412da03898b2338705d3c55eaf04644841f5936a,2763f242728b080908085333e8c49e0a9eef0788a486ffb53daee031e1cf2e24,/ddnB/work/lgutsev/LATech_PROJS/Cer_Interface/MD_Period/A2_DFT/14_references/outputs/frame_0011/relax_ions,,"['KPOINT_CONVERGENCE_UNVERIFIED', 'MISSING_INPUT']"
a2_references/outputs/frame_0012/relax_ions,reference,REVIEW,False,17,0,9ca5655517d9a836f57bae882ee58c0976f06014b9fd231fe64ead707b5301ac,a3760c7b7a180e2281a2bec3aa9ceeaa28e706d56bddc55f5b4eebce8ca670d8,/ddnB/work/lgutsev/LATech_PROJS/Cer_Interface/MD_Period/A2_DFT/14_references/outputs/frame_0012/relax_ions,,"['KPOINT_CONVERGENCE_UNVERIFIED', 'MISSING_INPUT']"
a2_references/outputs/frame_0013/relax_ions,reference,REVIEW,False,16,0,8646f3de51675e7e6147506262253e52b4857c950784f1ec9024619ec8e07c50,5a9543d6d0a04ef836e524207ca30059f3ad0bb5faea85facb1a39544912b3ae,/ddnB/work/lgutsev/LATech_PROJS/Cer_Interface/MD_Period/A2_DFT/14_references/outputs/frame_0013/relax_ions,,"['KPOINT_CONVERGENCE_UNVERIFIED', 'MISSING_INPUT']"
a2_references/outputs/frame_0014/relax_ions,reference,REVIEW,False,12,0,f04fdd097c6e8df33cd83d6bfca322c09cedd00829e66e4c8f3fdb702db13326,92def48419a31b3b83ed356e48bc83e48bbd26e3b8eee7baeb0b3e01fc324bbf,/ddnB/work/lgutsev/LATech_PROJS/Cer_Interface/MD_Period/A2_DFT/14_references/outputs/frame_0014/relax_ions,,"['KPOINT_CONVERGENCE_UNVERIFIED', 'MISSING_INPUT']"
a2_references/outputs/frame_0015/relax_ions,reference,REVIEW,False,17,0,fde69ed4233ba5d9eeaec448b366e52aff7ddf71b4c5657b53fe15b1f98c5734,bff71657030f3dcc22f67ebf2d5836a891a6822489dc5bb52035378dbe7e47c7,/ddnB/work/lgutsev/LATech_PROJS/Cer_Interface/MD_Period/A2_DFT/14_references/outputs/frame_0015/relax_ions,,"['KPOINT_CONVERGENCE_UNVERIFIED', 'MISSING_INPUT']"
a2_references/outputs/frame_0016/relax_ions,reference,REVIEW,False,6,0,afeb6d17f8a52b9acdf13193e11492abca86e4bc23e666de58b46175c8396d58,d33f3794b497fb5620d9d04a9a31733ad795a422164d330a5701cd6eeb8cfb54,/ddnB/work/lgutsev/LATech_PROJS/Cer_Interface/MD_Period/A2_DFT/14_references/outputs/frame_0016/relax_ions,,"['KPOINT_CONVERGENCE_UNVERIFIED', 'MISSING_INPUT']"
a2_references/outputs/frame_0017/relax_ions,reference,REVIEW,False,12,0,417cb288da2d47c68724fab4769e32bc3a7cd950ff4628a8563890afaf9c3ee2,36e904e60c5882137fe3c4afbc65f11c53b7a5c69fba08333cecf25a459a42b1,/ddnB/work/lgutsev/LATech_PROJS/Cer_Interface/MD_Period/A2_DFT/14_references/outputs/frame_0017/relax_ions,,"['KPOINT_CONVERGENCE_UNVERIFIED', 'MISSING_INPUT']"
a2_references/outputs/frame_0018/relax_ions,reference,REVIEW,False,12,0,6eb6398a2f6f3c318456da37ffbc5fd23c25bf8a66af682b4ec49da0d875a8d4,656d7c6313d52c4332e89b80e12f2be4ff5c09972a45f15c51c90950595945cf,/ddnB/work/lgutsev/LATech_PROJS/Cer_Interface/MD_Period/A2_DFT/14_references/outputs/frame_0018/relax_ions,,"['KPOINT_CONVERGENCE_UNVERIFIED', 'MISSING_INPUT']"
a2_references/outputs/frame_0019/relax_ions,reference,REVIEW,False,15,0,aaaac138f6cd8d7c4f241c807a72363eb911d42867c3cade0ef2110c6bee23fa,6e79270b9bcd14df211f03a44bd9507f56d09c05beaaef2741d937e299d10713,/ddnB/work/lgutsev/LATech_PROJS/Cer_Interface/MD_Period/A2_DFT/14_references/outputs/frame_0019/relax_ions,,"['KPOINT_CONVERGENCE_UNVERIFIED', 'MISSING_INPUT']"
a2_references/outputs/frame_0020/relax_ions,reference,REVIEW,False,15,0,d5d856d438a67d981c90a8592fa22340e1611aecf75a8ab7d86c9550689facb7,ddb83756553a8bdb76801baf8fbede6244da3538451a3899a05ee04da4ea4d3c,/ddnB/work/lgutsev/LATech_PROJS/Cer_Interface/MD_Period/A2_DFT/14_references/outputs/frame_0020/relax_ions,,"['KPOINT_CONVERGENCE_UNVERIFIED', 'MISSING_INPUT']"
a2_references/outputs/frame_0021/relax_ions,reference,REVIEW,False,12,0,aa8e1a1bd6b68e3ca61e046576a52317f4ce86baba48b8a7776c5475872a7e3d,744295f7ec8aa4802cccde02cba3e9d851963025f628d90360d05c269981d163,/ddnB/work/lgutsev/LATech_PROJS/Cer_Interface/MD_Period/A2_DFT/14_references/outputs/frame_0021/relax_ions,,"['KPOINT_CONVERGENCE_UNVERIFIED', 'MISSING_INPUT']"
a2_references/outputs/frame_0022/relax_ions,reference,REVIEW,False,22,0,1ea4b5a128032ba377ac02aedae5aed6d4bd7780868b0a52955bfcdabdc7e5d0,35ec5c334db23ade16fed0408473fa3602e8a71199ab307c40582a7b4c661946,/ddnB/work/lgutsev/LATech_PROJS/Cer_Interface/MD_Period/A2_DFT/14_references/outputs/frame_0022/relax_ions,,"['KPOINT_CONVERGENCE_UNVERIFIED', 'MISSING_INPUT']"
a2_references/outputs/frame_0023/relax_ions,reference,REVIEW,False,16,0,19a350e401c605a3ba02a889f155c777e33c542a0dc69298913b9afbc051e618,c5568d174b3ea1ae5c55f8af4a3cc0609850c572c7a6ff1cf145d08ecfa22d03,/ddnB/work/lgutsev/LATech_PROJS/Cer_Interface/MD_Period/A2_DFT/14_references/outputs/frame_0023/relax_ions,,"['KPOINT_CONVERGENCE_UNVERIFIED', 'MISSING_INPUT']"
a2_references/outputs/frame_0024/relax_ions,reference,REVIEW,False,17,0,8cba6fd701c48d0d5573674dd3dd75648a75940eda943317b1da7713eee0e4cf,5372dd939f0f32a4099cbba1f7b7f1052203c203960bf4a7c394716296ce9a78,/ddnB/work/lgutsev/LATech_PROJS/Cer_Interface/MD_Period/A2_DFT/14_references/outputs/frame_0024/relax_ions,,"['KPOINT_CONVERGENCE_UNVERIFIED', 'MISSING_INPUT']"
a2_references/outputs/frame_0025/relax_ions,reference,REVIEW,False,24,0,1583cfd216aac6b547aceb7c4bf5332be09976187a8560486ccacfd23806d1fe,1ebcc35f9b80f61427f5a5f3ed0f684a9d7f05685744539e609f258a67f7eaba,/ddnB/work/lgutsev/LATech_PROJS/Cer_Interface/MD_Period/A2_DFT/14_references/outputs/frame_0025/relax_ions,,"['KPOINT_CONVERGENCE_UNVERIFIED', 'MISSING_INPUT']"
a2_references/outputs/frame_0026/static,reference,REVIEW,False,1,0,116af801bc819472173040bc0218cd8f6c11b1a400dea4608931edebfdd40982,220fe154215f688b08a0452cd82be8e370f5e1593590031694ba5149d182062c,/ddnB/work/lgutsev/LATech_PROJS/Cer_Interface/MD_Period/A2_DFT/14_references/outputs/frame_0026/static,,"['KPOINT_CONVERGENCE_UNVERIFIED', 'MISSING_INPUT']"
a2_references/outputs/frame_0027/static,reference,REVIEW,False,1,0,618d9987149a4c30d6c8d465e5ecc4e642493c49c3bf3cb0e96a173804cbc670,ff35a2361b1de74647d965353e52c7af09c56af1e8f54919c1f6dac09f35e9e3,/ddnB/work/lgutsev/LATech_PROJS/Cer_Interface/MD_Period/A2_DFT/14_references/outputs/frame_0027/static,,"['KPOINT_CONVERGENCE_UNVERIFIED', 'MISSING_INPUT']"
a2_references/outputs/frame_0028/static,reference,REVIEW,False,1,0,e62cd66e772fc4a73046d54e98fce590b95036119a3e0ce3e6c6140b6774fd4e,6b3159f651b607dc387a82713071f7718f13bb5c43993771f61fdea0b5b03ed3,/ddnB/work/lgutsev/LATech_PROJS/Cer_Interface/MD_Period/A2_DFT/14_references/outputs/frame_0028/static,,"['KPOINT_CONVERGENCE_UNVERIFIED', 'MISSING_INPUT']"
a2_references/outputs/frame_0029/static,reference,REVIEW,False,1,0,80ec8ace00eff6ec5283766c5c0e0a127a7c97a7f66ebfcb698340ee9b2d1598,a80a20aa44859c73249b7df2d99a7ef17447e68bc24d248ca1da396e3bb52f4f,/ddnB/work/lgutsev/LATech_PROJS/Cer_Interface/MD_Period/A2_DFT/14_references/outputs/frame_0029/static,,"['KPOINT_CONVERGENCE_UNVERIFIED', 'MISSING_INPUT']"
a2_references/outputs/frame_0030/static,reference,REVIEW,False,1,0,01950ff1812f659cf958c1fa4621bd454dbe96aa49e494ac345625779bd7abd9,93ca9c5fca97237d5e91875ef45562a801b89a48271f7d363031efc56ea700d3,/ddnB/work/lgutsev/LATech_PROJS/Cer_Interface/MD_Period/A2_DFT/14_references/outputs/frame_0030/static,,"['KPOINT_CONVERGENCE_UNVERIFIED', 'MISSING_INPUT']"
a2_references/outputs/frame_0031/static,reference,REVIEW,False,1,0,a5d77d183cd24dbdd6534712a43d01d2670d879a7a06a57f0cf9c729397c48e6,3e4a34543d390fb900eeae7101a603723bee9cfd08df23d1df318840efc134e8,/ddnB/work/lgutsev/LATech_PROJS/Cer_Interface/MD_Period/A2_DFT/14_references/outputs/frame_0031/static,,"['KPOINT_CONVERGENCE_UNVERIFIED', 'MISSING_INPUT']"
a2_references/outputs/frame_0032/static,reference,REVIEW,False,1,0,5899a9906b99dc37202c03b80fe88de1d621c7888d7962559cb25615952860f6,ea38f8b7c9f64caabc62cda7d9a0974af0dbed144742f13c8ad0476de9d0c36b,/ddnB/work/lgutsev/LATech_PROJS/Cer_Interface/MD_Period/A2_DFT/14_references/outputs/frame_0032/static,,"['KPOINT_CONVERGENCE_UNVERIFIED', 'MISSING_INPUT']"
a2_references/outputs/frame_0033/static,reference,REVIEW,False,1,0,f43182bf99ff3b3b32b9a43b10761b5d144da2d35e19cd7fcc3ee22ee38f49c3,3513a75b237cb972488b029ff3ba7f0128cbf8846e8b65784c9ccc7e17d94e33,/ddnB/work/lgutsev/LATech_PROJS/Cer_Interface/MD_Period/A2_DFT/14_references/outputs/frame_0033/static,,"['KPOINT_CONVERGENCE_UNVERIFIED', 'MISSING_INPUT']"
a2_references/outputs/frame_0034/static,reference,REVIEW,False,1,0,d7bbaf6a0df9859a3e6af9c1a46647ed0b48989b9cfb7468469c85bcad476ac8,141cb5c894dc69f6f9a493d2ac52cd76925612524ffdfd63b4cfbcc77b1dd4d2,/ddnB/work/lgutsev/LATech_PROJS/Cer_Interface/MD_Period/A2_DFT/14_references/outputs/frame_0034/static,,"['KPOINT_CONVERGENCE_UNVERIFIED', 'MISSING_INPUT']"
a2_references/outputs/frame_0035/static,reference,REVIEW,False,1,0,d7d8a61e16256254e090d4df480b0deda70a03350cc04c34945915a2994117c0,f00bc114459893639145153a64fafd63b56e02973025accfd0b92f8464201bdd,/ddnB/work/lgutsev/LATech_PROJS/Cer_Interface/MD_Period/A2_DFT/14_references/outputs/frame_0035/static,,"['KPOINT_CONVERGENCE_UNVERIFIED', 'MISSING_INPUT']"
a2_references/outputs/frame_0036/static,reference,REVIEW,False,1,0,3a3b2927ca9f001c4bdf09281c8cf7893de494e05e3d81b7356f56d9ab6ac482,a840b42b63da966020ba4589c1d384ac6efe722f858b0264ac2b36ee127f132f,/ddnB/work/lgutsev/LATech_PROJS/Cer_Interface/MD_Period/A2_DFT/14_references/outputs/frame_0036/static,,"['KPOINT_CONVERGENCE_UNVERIFIED', 'MISSING_INPUT']"
a2_references/outputs/frame_0037/static,reference,REVIEW,False,1,0,624efdbdab806bd3334ce7cbe9703dab3456db4de078c60edadf2315d0a22d0e,9f6d023ce3d09caee3f96022ee2db3ce05c3bc1c5a5be424b93b7660a6c6cdcc,/ddnB/work/lgutsev/LATech_PROJS/Cer_Interface/MD_Period/A2_DFT/14_references/outputs/frame_0037/static,,"['KPOINT_CONVERGENCE_UNVERIFIED', 'MISSING_INPUT']"
a2_references/runs/frame_0000/static,reference,REVIEW,False,1,0,da95a25aad08d5295ee6b7d68e1dc0af0f033913ee06f2b26e805057719f1f11,1a120a904b4d5f3028bc6bf6b53585b2955576d8b5099eded35725ba2e154c31,/ddnB/work/lgutsev/LATech_PROJS/Cer_Interface/MD_Period/A2_DFT/14_references/runs/frame_0000/static,,['KPOINT_CONVERGENCE_UNVERIFIED']
a2_references/runs/frame_0001/static,reference,REVIEW,False,1,0,d0d9a53c1eb52e7d67be6e7e7be7b7f26e439d014df2b1619515f5d41a73d93b,d2926cb9492a7c2388810a01f0571e17cc0673e13a12378da9bb852724d392e4,/ddnB/work/lgutsev/LATech_PROJS/Cer_Interface/MD_Period/A2_DFT/14_references/runs/frame_0001/static,,['KPOINT_CONVERGENCE_UNVERIFIED']
a2_references/runs/frame_0002/static,reference,REVIEW,False,1,0,cd7d69672c969a9548a1a995907385faa2a540a71085a4584428baac7d32425a,9a9a65258c35e9be0826dd7c3ea94e9aa56e5eb3e4c63392181055e7dfe42225,/ddnB/work/lgutsev/LATech_PROJS/Cer_Interface/MD_Period/A2_DFT/14_references/runs/frame_0002/static,,['KPOINT_CONVERGENCE_UNVERIFIED']
a2_references/runs/frame_0003/static,reference,REVIEW,False,1,0,ca6f1bf10ae6d9420ba58fc707c2d90cf9482938890aa279b2795c0424571f2d,b1a5c0669a864b3af1f870f5d41c3266845e8118effcece5529d2bcdfb839507,/ddnB/work/lgutsev/LATech_PROJS/Cer_Interface/MD_Period/A2_DFT/14_references/runs/frame_0003/static,,['KPOINT_CONVERGENCE_UNVERIFIED']
a2_references/runs/frame_0004/static,reference,REVIEW,False,1,0,85ea70fe3f316a4c4d01dcaf65f306a557ae555c9a9baae21804a0598ea9d0d6,2a4b5483b55850de9999d698f88fb7a22955903baf68976ead8eeff6469c8c25,/ddnB/work/lgutsev/LATech_PROJS/Cer_Interface/MD_Period/A2_DFT/14_references/runs/frame_0004/static,,['KPOINT_CONVERGENCE_UNVERIFIED']
a2_references/runs/frame_0005/static,reference,REVIEW,False,1,0,436fada5132327053a5b5cd7aaf95c82ecb0a2b4fcbabd77f3d0f989fefe04d4,17f680d8590edff766f7090c7e379f162c760db4333fb95b3a1d2c1f0d80c4fb,/ddnB/work/lgutsev/LATech_PROJS/Cer_Interface/MD_Period/A2_DFT/14_references/runs/frame_0005/static,,['KPOINT_CONVERGENCE_UNVERIFIED']
a2_references/runs/frame_0006/static,reference,REVIEW,False,1,0,53bab4f52696dd6ef49ce7dfd7db30bbfefad931cc5bf50b2aeb89f0a86bcb83,60f20bdba8dd29e1679b732ff67741e315a4e22004615c86ce417d1f2151d8f1,/ddnB/work/lgutsev/LATech_PROJS/Cer_Interface/MD_Period/A2_DFT/14_references/runs/frame_0006/static,,['KPOINT_CONVERGENCE_UNVERIFIED']
a2_references/runs/frame_0007/static,reference,REVIEW,False,1,0,ad8b5e0ef0ea6942f5a9ce879dd8429b0cac600b0642ec92142e95fc7ef584c6,3b51c0582aed33270b12cef7ddffc70cbaf545862d6cac8221367dc1b6e53f86,/ddnB/work/lgutsev/LATech_PROJS/Cer_Interface/MD_Period/A2_DFT/14_references/runs/frame_0007/static,,['KPOINT_CONVERGENCE_UNVERIFIED']
a2_references/runs/frame_0008/static,reference,REVIEW,False,1,0,01d452382eff269155e8da92e47d781aa29fd166e2f88a2c48aff8de2e2b5ca6,c28049120e2cb0c1c83878e7d148a4db502826679fc517c5462fa88620f78b13,/ddnB/work/lgutsev/LATech_PROJS/Cer_Interface/MD_Period/A2_DFT/14_references/runs/frame_0008/static,,['KPOINT_CONVERGENCE_UNVERIFIED']
a2_references/runs/frame_0009/relax_ions,reference,REVIEW,False,11,0,a5b950a8099e94f93a292364e8e6247c345b591ba23df753d68a9e17100b5dab,34bef673d997380025c195d28caab09d2334d0d481bdfc742999af937410c243,/ddnB/work/lgutsev/LATech_PROJS/Cer_Interface/MD_Period/A2_DFT/14_references/runs/frame_0009/relax_ions,,['KPOINT_CONVERGENCE_UNVERIFIED']
a2_references/runs/frame_0010/relax_ions,reference,REVIEW,False,28,0,0c0d6efd20b8eafaaa37727c57f2a34047b2d75873b7ccd75a4f45bc81a4db52,09b2b0f8c371a9b0cfc4e5e2e23054841648beb2587b9b648cc2f7540eb70641,/ddnB/work/lgutsev/LATech_PROJS/Cer_Interface/MD_Period/A2_DFT/14_references/runs/frame_0010/relax_ions,,['KPOINT_CONVERGENCE_UNVERIFIED']
a2_references/runs/frame_0011/relax_ions,reference,REVIEW,False,19,0,66c4079185dca68ccc2a6adfdc3c413fdb6c7b6ad4702e81e33983fe9a3fe3f4,2763f242728b080908085333e8c49e0a9eef0788a486ffb53daee031e1cf2e24,/ddnB/work/lgutsev/LATech_PROJS/Cer_Interface/MD_Period/A2_DFT/14_references/runs/frame_0011/relax_ions,,['KPOINT_CONVERGENCE_UNVERIFIED']
a2_references/runs/frame_0012/relax_ions,reference,REVIEW,False,17,0,4bacaf58b1b3cc08121d620e0304e92af16754b86e13832cb804de1d6630d348,a3760c7b7a180e2281a2bec3aa9ceeaa28e706d56bddc55f5b4eebce8ca670d8,/ddnB/work/lgutsev/LATech_PROJS/Cer_Interface/MD_Period/A2_DFT/14_references/runs/frame_0012/relax_ions,,['KPOINT_CONVERGENCE_UNVERIFIED']
a2_references/runs/frame_0013/relax_ions,reference,REVIEW,False,16,0,27aaeed71f1a0dbf84c12e442a804f3b9a4c972a4a309686e96e12e972288857,5a9543d6d0a04ef836e524207ca30059f3ad0bb5faea85facb1a39544912b3ae,/ddnB/work/lgutsev/LATech_PROJS/Cer_Interface/MD_Period/A2_DFT/14_references/runs/frame_0013/relax_ions,,['KPOINT_CONVERGENCE_UNVERIFIED']
a2_references/runs/frame_0014/relax_ions,reference,REVIEW,False,12,0,fdbbb6068a0a2914e33040a20c2e88b6b02b120b50c5fbe9937b7e4fd521b209,92def48419a31b3b83ed356e48bc83e48bbd26e3b8eee7baeb0b3e01fc324bbf,/ddnB/work/lgutsev/LATech_PROJS/Cer_Interface/MD_Period/A2_DFT/14_references/runs/frame_0014/relax_ions,,['KPOINT_CONVERGENCE_UNVERIFIED']
a2_references/runs/frame_0015/relax_ions,reference,REVIEW,False,17,0,a3d39c3202b486af09ae5c9ee9e002f906d4aba9766652861e474c1e9bcc8672,bff71657030f3dcc22f67ebf2d5836a891a6822489dc5bb52035378dbe7e47c7,/ddnB/work/lgutsev/LATech_PROJS/Cer_Interface/MD_Period/A2_DFT/14_references/runs/frame_0015/relax_ions,,['KPOINT_CONVERGENCE_UNVERIFIED']
a2_references/runs/frame_0016/relax_ions,reference,REVIEW,False,6,0,347b4f01403f0f938bdcc292b9a15655e096cebfd8a71ab0aa6196d47eee4854,d33f3794b497fb5620d9d04a9a31733ad795a422164d330a5701cd6eeb8cfb54,/ddnB/work/lgutsev/LATech_PROJS/Cer_Interface/MD_Period/A2_DFT/14_references/runs/frame_0016/relax_ions,,['KPOINT_CONVERGENCE_UNVERIFIED']
a2_references/runs/frame_0017/relax_ions,reference,REVIEW,False,12,0,09f530a980021840f6cb6ecb605a685fbca3e767deb1d26994be15bad4fd6930,36e904e60c5882137fe3c4afbc65f11c53b7a5c69fba08333cecf25a459a42b1,/ddnB/work/lgutsev/LATech_PROJS/Cer_Interface/MD_Period/A2_DFT/14_references/runs/frame_0017/relax_ions,,['KPOINT_CONVERGENCE_UNVERIFIED']
a2_references/runs/frame_0018/relax_ions,reference,REVIEW,False,12,0,2620b061985d6f0bcee675cce543c060d8820868b7965c357af62f45e54b1a60,656d7c6313d52c4332e89b80e12f2be4ff5c09972a45f15c51c90950595945cf,/ddnB/work/lgutsev/LATech_PROJS/Cer_Interface/MD_Period/A2_DFT/14_references/runs/frame_0018/relax_ions,,['KPOINT_CONVERGENCE_UNVERIFIED']
a2_references/runs/frame_0019/relax_ions,reference,REVIEW,False,15,0,24dc1c8a547aac94ee59a43a3167757425d0d0a000187741e15b5d8b0c17871b,6e79270b9bcd14df211f03a44bd9507f56d09c05beaaef2741d937e299d10713,/ddnB/work/lgutsev/LATech_PROJS/Cer_Interface/MD_Period/A2_DFT/14_references/runs/frame_0019/relax_ions,,['KPOINT_CONVERGENCE_UNVERIFIED']
a2_references/runs/frame_0020/relax_ions,reference,REVIEW,False,15,0,5284afc6d977f74555ec17fb7f2e9921519451fcf53a52db2be93e0404161b61,ddb83756553a8bdb76801baf8fbede6244da3538451a3899a05ee04da4ea4d3c,/ddnB/work/lgutsev/LATech_PROJS/Cer_Interface/MD_Period/A2_DFT/14_references/runs/frame_0020/relax_ions,,['KPOINT_CONVERGENCE_UNVERIFIED']
a2_references/runs/frame_0021/relax_ions,reference,REVIEW,False,12,0,57eacc50e879660423f2a9a07e41da78e198c95d1652a8963329d04b90933af0,744295f7ec8aa4802cccde02cba3e9d851963025f628d90360d05c269981d163,/ddnB/work/lgutsev/LATech_PROJS/Cer_Interface/MD_Period/A2_DFT/14_references/runs/frame_0021/relax_ions,,['KPOINT_CONVERGENCE_UNVERIFIED']
a2_references/runs/frame_0022/relax_ions,reference,REVIEW,False,22,0,4af2f16c5a057fb8afd0b20bb4c333f7a5e7daeff99fc077dc53d7a660098c5b,35ec5c334db23ade16fed0408473fa3602e8a71199ab307c40582a7b4c661946,/ddnB/work/lgutsev/LATech_PROJS/Cer_Interface/MD_Period/A2_DFT/14_references/runs/frame_0022/relax_ions,,['KPOINT_CONVERGENCE_UNVERIFIED']
a2_references/runs/frame_0023/relax_ions,reference,REVIEW,False,16,0,0a8be297736ea1a41106fda1299aa566904cf66a65d3ec0c3fbd09f254218fb6,c5568d174b3ea1ae5c55f8af4a3cc0609850c572c7a6ff1cf145d08ecfa22d03,/ddnB/work/lgutsev/LATech_PROJS/Cer_Interface/MD_Period/A2_DFT/14_references/runs/frame_0023/relax_ions,,['KPOINT_CONVERGENCE_UNVERIFIED']
a2_references/runs/frame_0024/relax_ions,reference,REVIEW,False,17,0,9a5e058b297ee32ff503237d457824e011d10475f9a0c901de685354505b066b,5372dd939f0f32a4099cbba1f7b7f1052203c203960bf4a7c394716296ce9a78,/ddnB/work/lgutsev/LATech_PROJS/Cer_Interface/MD_Period/A2_DFT/14_references/runs/frame_0024/relax_ions,,['KPOINT_CONVERGENCE_UNVERIFIED']
a2_references/runs/frame_0025/relax_ions,reference,REVIEW,False,24,0,0adefb509324509cfe648ee7a20d6f8c8aa7808924521d4c91718b73a79a990f,1ebcc35f9b80f61427f5a5f3ed0f684a9d7f05685744539e609f258a67f7eaba,/ddnB/work/lgutsev/LATech_PROJS/Cer_Interface/MD_Period/A2_DFT/14_references/runs/frame_0025/relax_ions,,['KPOINT_CONVERGENCE_UNVERIFIED']
a2_references/runs/frame_0026/static,reference,REVIEW,False,1,0,b453487c423cbd0883f9cdb7df90b2bad6033a1ed4fc84dd45845f26221ab410,220fe154215f688b08a0452cd82be8e370f5e1593590031694ba5149d182062c,/ddnB/work/lgutsev/LATech_PROJS/Cer_Interface/MD_Period/A2_DFT/14_references/runs/frame_0026/static,,['KPOINT_CONVERGENCE_UNVERIFIED']
a2_references/runs/frame_0027/static,reference,REVIEW,False,1,0,52b43f5cda23955280447a789354d44b6418e01a71f7ddc79b242558e7c573ae,ff35a2361b1de74647d965353e52c7af09c56af1e8f54919c1f6dac09f35e9e3,/ddnB/work/lgutsev/LATech_PROJS/Cer_Interface/MD_Period/A2_DFT/14_references/runs/frame_0027/static,,['KPOINT_CONVERGENCE_UNVERIFIED']
a2_references/runs/frame_0028/static,reference,REVIEW,False,1,0,6f3f023b39d0f1bd67947e2b430ce09d0c47b58ffd8369fe8538887eebcf1d01,6b3159f651b607dc387a82713071f7718f13bb5c43993771f61fdea0b5b03ed3,/ddnB/work/lgutsev/LATech_PROJS/Cer_Interface/MD_Period/A2_DFT/14_references/runs/frame_0028/static,,['KPOINT_CONVERGENCE_UNVERIFIED']
a2_references/runs/frame_0029/static,reference,REVIEW,False,1,0,1e927041effb39894e401a7f5b846c0740a9d841620442b60ae8a4d970944cb1,a80a20aa44859c73249b7df2d99a7ef17447e68bc24d248ca1da396e3bb52f4f,/ddnB/work/lgutsev/LATech_PROJS/Cer_Interface/MD_Period/A2_DFT/14_references/runs/frame_0029/static,,['KPOINT_CONVERGENCE_UNVERIFIED']
a2_references/runs/frame_0030/static,reference,REVIEW,False,1,0,e34d7442e854f5f89a84b2287ba63ce55bd3b7bebb813d21184a2e513a52db80,93ca9c5fca97237d5e91875ef45562a801b89a48271f7d363031efc56ea700d3,/ddnB/work/lgutsev/LATech_PROJS/Cer_Interface/MD_Period/A2_DFT/14_references/runs/frame_0030/static,,['KPOINT_CONVERGENCE_UNVERIFIED']
a2_references/runs/frame_0031/static,reference,REVIEW,False,1,0,3b9a618e49b4bc0c03c572736b5aa98b97b4899beb65b3f1b5c3176431ef3f1e,3e4a34543d390fb900eeae7101a603723bee9cfd08df23d1df318840efc134e8,/ddnB/work/lgutsev/LATech_PROJS/Cer_Interface/MD_Period/A2_DFT/14_references/runs/frame_0031/static,,['KPOINT_CONVERGENCE_UNVERIFIED']
a2_references/runs/frame_0032/static,reference,REVIEW,False,1,0,2b96e2b53827f9898b8169ad97f0beb778dc8d520ccba0bc30da35182885988b,ea38f8b7c9f64caabc62cda7d9a0974af0dbed144742f13c8ad0476de9d0c36b,/ddnB/work/lgutsev/LATech_PROJS/Cer_Interface/MD_Period/A2_DFT/14_references/runs/frame_0032/static,,['KPOINT_CONVERGENCE_UNVERIFIED']
a2_references/runs/frame_0033/static,reference,REVIEW,False,1,0,392048f342a5c9da9d6769912502f5648924332af29796ef9e07156c0220c49d,3513a75b237cb972488b029ff3ba7f0128cbf8846e8b65784c9ccc7e17d94e33,/ddnB/work/lgutsev/LATech_PROJS/Cer_Interface/MD_Period/A2_DFT/14_references/runs/frame_0033/static,,['KPOINT_CONVERGENCE_UNVERIFIED']
a2_references/runs/frame_0034/static,reference,REVIEW,False,1,0,671188730a89871027b0cecd1363f0ddc19fa564b90cf9cbddf8d88b53b9ceea,141cb5c894dc69f6f9a493d2ac52cd76925612524ffdfd63b4cfbcc77b1dd4d2,/ddnB/work/lgutsev/LATech_PROJS/Cer_Interface/MD_Period/A2_DFT/14_references/runs/frame_0034/static,,['KPOINT_CONVERGENCE_UNVERIFIED']
a2_references/runs/frame_0035/static,reference,REVIEW,False,1,0,0fa10b9e0273edb19773634553e9bd309df104eff872e3b7fb2981327434c487,f00bc114459893639145153a64fafd63b56e02973025accfd0b92f8464201bdd,/ddnB/work/lgutsev/LATech_PROJS/Cer_Interface/MD_Period/A2_DFT/14_references/runs/frame_0035/static,,['KPOINT_CONVERGENCE_UNVERIFIED']
a2_references/runs/frame_0036/static,reference,REVIEW,False,1,0,7d3ead6441ba7b4eccae8d4b08dada1db9bd7233de2fa281568fd1c74b0705d7,a840b42b63da966020ba4589c1d384ac6efe722f858b0264ac2b36ee127f132f,/ddnB/work/lgutsev/LATech_PROJS/Cer_Interface/MD_Period/A2_DFT/14_references/runs/frame_0036/static,,['KPOINT_CONVERGENCE_UNVERIFIED']
a2_references/runs/frame_0037/static,reference,REVIEW,False,1,0,21639064b10203e21694f95b9348126bdd58778ecedf19493268054e6ee7a6a7,9f6d023ce3d09caee3f96022ee2db3ce05c3bc1c5a5be424b93b7660a6c6cdcc,/ddnB/work/lgutsev/LATech_PROJS/Cer_Interface/MD_Period/A2_DFT/14_references/runs/frame_0037/static,,['KPOINT_CONVERGENCE_UNVERIFIED']
a2_pilot/outputs/frame_0000/static,audit,REVIEW,False,1,0,c028e112fb6b3d6ad9cb5606c99cc6ec93129a8edbe3247dda651b023c993b62,77add5a8e75f0147c32ffcfb2ffa0ed277de60739b3531dd2a453463ae8eb8d0,/ddnB/work/lgutsev/LATech_PROJS/Cer_Interface/MD_Period/A2_DFT/15_pilot/outputs/frame_0000/static,,"['KPOINT_CONVERGENCE_UNVERIFIED', 'MISSING_INPUT']"
a2_pilot/outputs/frame_0001/static,audit,REVIEW,False,1,0,b7186ac2ab495900db5aebcd2b2a8b42f3ed2fd008b717f4f00792952d11938b,5820b16919d5ba4008df674583874cfa7c33ff96223dea29f5d9135b74ee262e,/ddnB/work/lgutsev/LATech_PROJS/Cer_Interface/MD_Period/A2_DFT/15_pilot/outputs/frame_0001/static,,"['KPOINT_CONVERGENCE_UNVERIFIED', 'MISSING_INPUT']"
a2_pilot/outputs/frame_0002/static,audit,REVIEW,False,1,0,e131e3e1fd94ed191ee00a15c157d40b64a8c2988f0681c2b3b57938dc73cc17,206389e280bea29ad0e5d9a913e6176dc5fba08686f175774258be09af28e4f0,/ddnB/work/lgutsev/LATech_PROJS/Cer_Interface/MD_Period/A2_DFT/15_pilot/outputs/frame_0002/static,,"['KPOINT_CONVERGENCE_UNVERIFIED', 'MISSING_INPUT']"
a2_pilot/outputs/frame_0003/static,audit,REVIEW,False,1,0,3a5fd1aa85c802257a165e4703948344ffa734f48e9c602aeaac046a2e8582ef,e532cc15a9bea981dee351aa4771fa268eb0aea566fd6a3c34d12d8617403961,/ddnB/work/lgutsev/LATech_PROJS/Cer_Interface/MD_Period/A2_DFT/15_pilot/outputs/frame_0003/static,,"['KPOINT_CONVERGENCE_UNVERIFIED', 'MISSING_INPUT']"
a2_pilot/outputs/frame_0004/static,audit,REVIEW,False,1,0,65f3f529d530977549be0405beaee1b5b2819f2d00a8861f9f0914b4281bd8d9,25913b577fc4cc005cfd8af540f68f465d451887e9c6d4abc7f70a37805478bf,/ddnB/work/lgutsev/LATech_PROJS/Cer_Interface/MD_Period/A2_DFT/15_pilot/outputs/frame_0004/static,,"['KPOINT_CONVERGENCE_UNVERIFIED', 'MISSING_INPUT']"
a2_pilot/outputs/frame_0005/static,audit,REVIEW,False,1,0,eb740a608e567c46a9bd642858f61d480350b4b125f5a4d39b7bc995d43f0173,36c1119da853532b65404dfa78a21a27e02759d6b8c1b947bdb4a539fa963a41,/ddnB/work/lgutsev/LATech_PROJS/Cer_Interface/MD_Period/A2_DFT/15_pilot/outputs/frame_0005/static,,"['KPOINT_CONVERGENCE_UNVERIFIED', 'MISSING_INPUT']"
a2_pilot/outputs/frame_0006/static,audit,REVIEW,False,1,0,222ee9c71a1046c73f6f0bbb596248ee1dbea74c68125672fe5269afcb296e71,52968bccc1da308e4c6e9ab61372d193980186c61f22cedb854d1a95efae356d,/ddnB/work/lgutsev/LATech_PROJS/Cer_Interface/MD_Period/A2_DFT/15_pilot/outputs/frame_0006/static,,"['KPOINT_CONVERGENCE_UNVERIFIED', 'MISSING_INPUT']"
a2_pilot/outputs/frame_0007/static,audit,REVIEW,False,1,0,8be6fd165ae526adbdfd2fadb18858ccdd5dc311903e8d587d6baf1f19f267cf,35a854e91d8218f52dddccc3b875408a164c025fe8f5e85b8b256bdaefebea55,/ddnB/work/lgutsev/LATech_PROJS/Cer_Interface/MD_Period/A2_DFT/15_pilot/outputs/frame_0007/static,,"['KPOINT_CONVERGENCE_UNVERIFIED', 'MISSING_INPUT']"
a2_pilot/outputs/frame_0008/static,audit,REVIEW,False,1,0,d20e148d6ee33810e8444b7dcacc83c89c70913fd9eb57666e5c04198ca72b21,f614f2764d0e64a4b4a2bdef5ee1bae170ad024a1b59ffe231b4ea1e48d64736,/ddnB/work/lgutsev/LATech_PROJS/Cer_Interface/MD_Period/A2_DFT/15_pilot/outputs/frame_0008/static,,"['KPOINT_CONVERGENCE_UNVERIFIED', 'MISSING_INPUT']"
a2_pilot/outputs/frame_0009/static,audit,REVIEW,False,1,0,6c2484ada7e5deff255bc834943b5ad96b68b52963103084d473982415dce57c,1dbd77dd4d2b8ca878c984a4581a4d6a3fc399e10a8a196c1114833f6fafc498,/ddnB/work/lgutsev/LATech_PROJS/Cer_Interface/MD_Period/A2_DFT/15_pilot/outputs/frame_0009/static,,"['KPOINT_CONVERGENCE_UNVERIFIED', 'MISSING_INPUT']"
a2_pilot/outputs/frame_0010/static,audit,REVIEW,False,1,0,2d53463667dab0b27fc3f48becce8fe9a22640f770a773a9a7622d84656d804b,bc9e5f99b756250eb4ad852bd930748159dff22e42a8953e6f84211a97bb53f9,/ddnB/work/lgutsev/LATech_PROJS/Cer_Interface/MD_Period/A2_DFT/15_pilot/outputs/frame_0010/static,,"['KPOINT_CONVERGENCE_UNVERIFIED', 'MISSING_INPUT']"
a2_pilot/outputs/frame_0011/static,audit,REVIEW,False,1,0,d85b90823cf4f12253a4642c29dc582febff637c99eed455a88be64538c95971,c625491bd03bffe2764652a4534a94f4e05093c23df60e5240a152ecfbc58a1a,/ddnB/work/lgutsev/LATech_PROJS/Cer_Interface/MD_Period/A2_DFT/15_pilot/outputs/frame_0011/static,,"['KPOINT_CONVERGENCE_UNVERIFIED', 'MISSING_INPUT']"
a2_pilot/outputs/frame_0012/static,audit,REVIEW,False,1,0,939245f3685bd852514234c2f0c17fa7eb881c3e6fc630c2837c63ee3ad8a657,4ca1b63d39b98bf394a4308290b556f4abf783791eb5d239abe3fac556505271,/ddnB/work/lgutsev/LATech_PROJS/Cer_Interface/MD_Period/A2_DFT/15_pilot/outputs/frame_0012/static,,"['KPOINT_CONVERGENCE_UNVERIFIED', 'MISSING_INPUT']"
a2_pilot/outputs/frame_0013/static,audit,REVIEW,False,1,0,01ffa549f3fd88a4331158f7dab0f976b06cc338bd2f81f24cf9be0e67464483,35672a151ddf37d57de17c2448c293e238db6c7ec47ae24c8a02052dd0afbe33,/ddnB/work/lgutsev/LATech_PROJS/Cer_Interface/MD_Period/A2_DFT/15_pilot/outputs/frame_0013/static,,"['KPOINT_CONVERGENCE_UNVERIFIED', 'MISSING_INPUT']"
a2_pilot/outputs/frame_0014/static,audit,REVIEW,False,1,0,5f61f47a6cab85cddf9dd6f814820936b836d8f9537921eda99f119ddcff9d79,fd5ef0357c831ce77212bf881d8afc5708e383d73fd10a4a8e47da1873fc31dc,/ddnB/work/lgutsev/LATech_PROJS/Cer_Interface/MD_Period/A2_DFT/15_pilot/outputs/frame_0014/static,,"['KPOINT_CONVERGENCE_UNVERIFIED', 'MISSING_INPUT']"
a2_pilot/outputs/frame_0015/static,audit,REVIEW,False,1,0,4d272d834bf96c181d058a15e6f56cbe9f18e573a8efa550fd6ba66e76b8e17e,7707039aad4b87d616967f2af1bfdc21680a47fadbbf59c66cdb76b2dc2a44ae,/ddnB/work/lgutsev/LATech_PROJS/Cer_Interface/MD_Period/A2_DFT/15_pilot/outputs/frame_0015/static,,"['KPOINT_CONVERGENCE_UNVERIFIED', 'MISSING_INPUT']"
a2_pilot/outputs/frame_0016/static,audit,REVIEW,False,1,0,5ae690ebbe214200e7a767af266ddff144522b8d86402411e481df659b2d856c,9e9f5d14a19517619d6c7a7276fef1029ddbe08aa03d692a8bf473bc7af43c39,/ddnB/work/lgutsev/LATech_PROJS/Cer_Interface/MD_Period/A2_DFT/15_pilot/outputs/frame_0016/static,,"['KPOINT_CONVERGENCE_UNVERIFIED', 'MISSING_INPUT']"
a2_pilot/outputs/frame_0017/static,audit,REVIEW,False,1,0,a4af7a9a16770581f7b2a23799c3780afb528540049e1069add99481b43a309e,8e45e065b98f10c1af03dfe471250b06b661dc4cc49a0a569b331a36cddfb21d,/ddnB/work/lgutsev/LATech_PROJS/Cer_Interface/MD_Period/A2_DFT/15_pilot/outputs/frame_0017/static,,"['KPOINT_CONVERGENCE_UNVERIFIED', 'MISSING_INPUT']"
a2_pilot/outputs/frame_0018/static,audit,REVIEW,False,1,0,af0626fc98d79c786c110fb79a3a1887b83077ae46f19af513440e2247eeba64,f175bce5a977b457c328225930fb82060d13710450ed6881e3bd8bfd9811768e,/ddnB/work/lgutsev/LATech_PROJS/Cer_Interface/MD_Period/A2_DFT/15_pilot/outputs/frame_0018/static,,"['KPOINT_CONVERGENCE_UNVERIFIED', 'MISSING_INPUT']"
a2_pilot/outputs/frame_0019/static,audit,REVIEW,False,1,0,657b30f4736689f2b1970a224e1ec4f3baf8533c47d6d5ac73977ac5b31acf0c,ca5c7e0806e6acae6ebc0fec784877c8072ba6e5db278ee2acd7d35d05d5f7dd,/ddnB/work/lgutsev/LATech_PROJS/Cer_Interface/MD_Period/A2_DFT/15_pilot/outputs/frame_0019/static,,"['KPOINT_CONVERGENCE_UNVERIFIED', 'MISSING_INPUT']"
a2_pilot/outputs/frame_0020/static,audit,REVIEW,False,1,0,20db69df1a59492257c221b970a71d974119a7f9acef7d1db61e4945dd5b3bf9,711942166b1e3f263c5e073859a4c745900c4ccfb70281399a25a6b9db6f62ed,/ddnB/work/lgutsev/LATech_PROJS/Cer_Interface/MD_Period/A2_DFT/15_pilot/outputs/frame_0020/static,,"['KPOINT_CONVERGENCE_UNVERIFIED', 'MISSING_INPUT']"
a2_pilot/outputs/frame_0021/static,audit,REVIEW,False,1,0,d814b1cc6e1749d29a130cdd615aa2a94082cb39c3d1b131947e31ff1379454e,e49db5d85f0e101b537db80681a75cea26b64c1f8e8610da9d898dd38a436fed,/ddnB/work/lgutsev/LATech_PROJS/Cer_Interface/MD_Period/A2_DFT/15_pilot/outputs/frame_0021/static,,"['KPOINT_CONVERGENCE_UNVERIFIED', 'MISSING_INPUT']"
a2_pilot/outputs/frame_0022/relax_ions,audit,REVIEW,False,24,0,a95f1b138e257ed0574eb8f4506103b1b50e786cd3092b8fc127e4232f29caf6,81ac32a596610ce276a64c4aebe4d3ee1dbe03a1b84de91ab3d5a2ffda5eeba9,/ddnB/work/lgutsev/LATech_PROJS/Cer_Interface/MD_Period/A2_DFT/15_pilot/outputs/frame_0022/relax_ions,,"['KPOINT_CONVERGENCE_UNVERIFIED', 'MISSING_INPUT']"
a2_pilot/outputs/frame_0023/relax_ions,audit,REVIEW,False,21,0,c2496ea04b7d20ce283bb17956e1ad43c8cfdb340b61d92e2061da8313018702,63906408a960adf57f581166361cd78c603ea65cd48e8ff76405a6fb2be55043,/ddnB/work/lgutsev/LATech_PROJS/Cer_Interface/MD_Period/A2_DFT/15_pilot/outputs/frame_0023/relax_ions,,"['KPOINT_CONVERGENCE_UNVERIFIED', 'MISSING_INPUT']"
a2_pilot/runs/frame_0000/static,audit,REVIEW,False,1,0,922fd7fdbd4d372231082b9c83f661bf0d83299aef6a4e02cd1a81ec877101c3,77add5a8e75f0147c32ffcfb2ffa0ed277de60739b3531dd2a453463ae8eb8d0,/ddnB/work/lgutsev/LATech_PROJS/Cer_Interface/MD_Period/A2_DFT/15_pilot/runs/frame_0000/static,,['KPOINT_CONVERGENCE_UNVERIFIED']
a2_pilot/runs/frame_0001/static,audit,REVIEW,False,1,0,e88666d0d6adb8fb89fb40fb1a8bde80506bdf10863d11607d86b3bdd35ba0e0,5820b16919d5ba4008df674583874cfa7c33ff96223dea29f5d9135b74ee262e,/ddnB/work/lgutsev/LATech_PROJS/Cer_Interface/MD_Period/A2_DFT/15_pilot/runs/frame_0001/static,,['KPOINT_CONVERGENCE_UNVERIFIED']
a2_pilot/runs/frame_0002/static,audit,REVIEW,False,1,0,7bf7f148460dc46a536b2b393c8e1baa274c58759f49d17f4ec08e91f6e74641,206389e280bea29ad0e5d9a913e6176dc5fba08686f175774258be09af28e4f0,/ddnB/work/lgutsev/LATech_PROJS/Cer_Interface/MD_Period/A2_DFT/15_pilot/runs/frame_0002/static,,['KPOINT_CONVERGENCE_UNVERIFIED']
a2_pilot/runs/frame_0003/static,audit,REVIEW,False,1,0,34a838266917f3bf204358e43a65a21c556000f11eed0f839a8707541299d1b9,e532cc15a9bea981dee351aa4771fa268eb0aea566fd6a3c34d12d8617403961,/ddnB/work/lgutsev/LATech_PROJS/Cer_Interface/MD_Period/A2_DFT/15_pilot/runs/frame_0003/static,,['KPOINT_CONVERGENCE_UNVERIFIED']
a2_pilot/runs/frame_0004/static,audit,REVIEW,False,1,0,9bca448dd3bb4722dff6c24b7cae1eeb02421dba5231ef5065d186836bae7412,25913b577fc4cc005cfd8af540f68f465d451887e9c6d4abc7f70a37805478bf,/ddnB/work/lgutsev/LATech_PROJS/Cer_Interface/MD_Period/A2_DFT/15_pilot/runs/frame_0004/static,,['KPOINT_CONVERGENCE_UNVERIFIED']
a2_pilot/runs/frame_0005/static,audit,REVIEW,False,1,0,40e0cc916d6581a9a1588cde8cb828215592d99341ee14e7554aa54baa1b58f7,36c1119da853532b65404dfa78a21a27e02759d6b8c1b947bdb4a539fa963a41,/ddnB/work/lgutsev/LATech_PROJS/Cer_Interface/MD_Period/A2_DFT/15_pilot/runs/frame_0005/static,,['KPOINT_CONVERGENCE_UNVERIFIED']
a2_pilot/runs/frame_0006/static,audit,REVIEW,False,1,0,cb2a48903523cddd31119ad11b467b477e2255f85be18f582658859c0fe5ea6f,52968bccc1da308e4c6e9ab61372d193980186c61f22cedb854d1a95efae356d,/ddnB/work/lgutsev/LATech_PROJS/Cer_Interface/MD_Period/A2_DFT/15_pilot/runs/frame_0006/static,,['KPOINT_CONVERGENCE_UNVERIFIED']
a2_pilot/runs/frame_0007/static,audit,REVIEW,False,1,0,3fe18e9e33e2078d1d50c3b8943af1eacf22fd226cd2cccf948cf93e3f373771,35a854e91d8218f52dddccc3b875408a164c025fe8f5e85b8b256bdaefebea55,/ddnB/work/lgutsev/LATech_PROJS/Cer_Interface/MD_Period/A2_DFT/15_pilot/runs/frame_0007/static,,['KPOINT_CONVERGENCE_UNVERIFIED']
a2_pilot/runs/frame_0008/static,audit,REVIEW,False,1,0,79cb689957b87f3f38930dd233d48055595c1d7dba54472e9421306ef7ce633d,f614f2764d0e64a4b4a2bdef5ee1bae170ad024a1b59ffe231b4ea1e48d64736,/ddnB/work/lgutsev/LATech_PROJS/Cer_Interface/MD_Period/A2_DFT/15_pilot/runs/frame_0008/static,,['KPOINT_CONVERGENCE_UNVERIFIED']
a2_pilot/runs/frame_0009/static,audit,REVIEW,False,1,0,4d284a139a7246ce06fd6522ed088c0767b9a5b59e0ee73c24019c8ee823eb76,1dbd77dd4d2b8ca878c984a4581a4d6a3fc399e10a8a196c1114833f6fafc498,/ddnB/work/lgutsev/LATech_PROJS/Cer_Interface/MD_Period/A2_DFT/15_pilot/runs/frame_0009/static,,['KPOINT_CONVERGENCE_UNVERIFIED']
a2_pilot/runs/frame_0010/static,audit,REVIEW,False,1,0,ad13cc5895bf52d5af4ccfdfe97ad96943f1bf8d000fbc10a34bfe747b6d58d3,bc9e5f99b756250eb4ad852bd930748159dff22e42a8953e6f84211a97bb53f9,/ddnB/work/lgutsev/LATech_PROJS/Cer_Interface/MD_Period/A2_DFT/15_pilot/runs/frame_0010/static,,['KPOINT_CONVERGENCE_UNVERIFIED']
a2_pilot/runs/frame_0011/static,audit,REVIEW,False,1,0,cad6c7bd9119a326a8e10c342df6a16d04b441b630c6d1258d9ad1f28ed51abe,c625491bd03bffe2764652a4534a94f4e05093c23df60e5240a152ecfbc58a1a,/ddnB/work/lgutsev/LATech_PROJS/Cer_Interface/MD_Period/A2_DFT/15_pilot/runs/frame_0011/static,,['KPOINT_CONVERGENCE_UNVERIFIED']
a2_pilot/runs/frame_0012/static,audit,REVIEW,False,1,0,478a2c415166772659759fa60f6456ffd6aace7eba0a7b554c069e0ff27ab12e,4ca1b63d39b98bf394a4308290b556f4abf783791eb5d239abe3fac556505271,/ddnB/work/lgutsev/LATech_PROJS/Cer_Interface/MD_Period/A2_DFT/15_pilot/runs/frame_0012/static,,['KPOINT_CONVERGENCE_UNVERIFIED']
a2_pilot/runs/frame_0013/static,audit,REVIEW,False,1,0,1feaa5a660418b377d34c7678282c24606be9002b782435501b68d90527a8656,35672a151ddf37d57de17c2448c293e238db6c7ec47ae24c8a02052dd0afbe33,/ddnB/work/lgutsev/LATech_PROJS/Cer_Interface/MD_Period/A2_DFT/15_pilot/runs/frame_0013/static,,['KPOINT_CONVERGENCE_UNVERIFIED']
a2_pilot/runs/frame_0014/static,audit,REVIEW,False,1,0,e4202d4ad313798b7973ea6bcd762c07e46da9690ab00ad5ad942a51f303bdee,fd5ef0357c831ce77212bf881d8afc5708e383d73fd10a4a8e47da1873fc31dc,/ddnB/work/lgutsev/LATech_PROJS/Cer_Interface/MD_Period/A2_DFT/15_pilot/runs/frame_0014/static,,['KPOINT_CONVERGENCE_UNVERIFIED']
a2_pilot/runs/frame_0015/static,audit,REVIEW,False,1,0,a4fe38af8af5e9c734959bfb380a34fb6055a75b6353429ea15501689f93dc7e,7707039aad4b87d616967f2af1bfdc21680a47fadbbf59c66cdb76b2dc2a44ae,/ddnB/work/lgutsev/LATech_PROJS/Cer_Interface/MD_Period/A2_DFT/15_pilot/runs/frame_0015/static,,['KPOINT_CONVERGENCE_UNVERIFIED']
a2_pilot/runs/frame_0016/static,audit,REVIEW,False,1,0,f0f843feb0066c11b4afa21f58f743153eadbc7bddfcfe7207c2cc621680ee25,9e9f5d14a19517619d6c7a7276fef1029ddbe08aa03d692a8bf473bc7af43c39,/ddnB/work/lgutsev/LATech_PROJS/Cer_Interface/MD_Period/A2_DFT/15_pilot/runs/frame_0016/static,,['KPOINT_CONVERGENCE_UNVERIFIED']
a2_pilot/runs/frame_0017/static,audit,REVIEW,False,1,0,058ebc85197e48fa2247e542bfc60bc611a73bd68b418c783bf16d9acac5dd3b,8e45e065b98f10c1af03dfe471250b06b661dc4cc49a0a569b331a36cddfb21d,/ddnB/work/lgutsev/LATech_PROJS/Cer_Interface/MD_Period/A2_DFT/15_pilot/runs/frame_0017/static,,['KPOINT_CONVERGENCE_UNVERIFIED']
a2_pilot/runs/frame_0018/static,audit,REVIEW,False,1,0,a167a6cf1c58476443fe14f0a477009f86e8ef3848cb680398b418d1ac2f9cde,f175bce5a977b457c328225930fb82060d13710450ed6881e3bd8bfd9811768e,/ddnB/work/lgutsev/LATech_PROJS/Cer_Interface/MD_Period/A2_DFT/15_pilot/runs/frame_0018/static,,['KPOINT_CONVERGENCE_UNVERIFIED']
a2_pilot/runs/frame_0019/static,audit,REVIEW,False,1,0,8385f5c1ab26e2eab8b5f3c21046090ae64fef55b1d3ec15515e39b11ca5a4b4,ca5c7e0806e6acae6ebc0fec784877c8072ba6e5db278ee2acd7d35d05d5f7dd,/ddnB/work/lgutsev/LATech_PROJS/Cer_Interface/MD_Period/A2_DFT/15_pilot/runs/frame_0019/static,,['KPOINT_CONVERGENCE_UNVERIFIED']
a2_pilot/runs/frame_0020/static,audit,REVIEW,False,1,0,1d1d6d7a443e91cf721bb4ebc597dd9f988e2d0e22979a05ed27eb2a4f5ddf57,711942166b1e3f263c5e073859a4c745900c4ccfb70281399a25a6b9db6f62ed,/ddnB/work/lgutsev/LATech_PROJS/Cer_Interface/MD_Period/A2_DFT/15_pilot/runs/frame_0020/static,,['KPOINT_CONVERGENCE_UNVERIFIED']
a2_pilot/runs/frame_0021/static,audit,REVIEW,False,1,0,ab540839e99c06912580643f3c68ca1baa4febf2777a836238966360192a6ad7,e49db5d85f0e101b537db80681a75cea26b64c1f8e8610da9d898dd38a436fed,/ddnB/work/lgutsev/LATech_PROJS/Cer_Interface/MD_Period/A2_DFT/15_pilot/runs/frame_0021/static,,['KPOINT_CONVERGENCE_UNVERIFIED']
a2_pilot/runs/frame_0022/relax_ions,audit,REVIEW,False,24,0,3e96539c244d96a29aa13a7ff9a69d80578cf89576fc4a260227f9f1838e435e,81ac32a596610ce276a64c4aebe4d3ee1dbe03a1b84de91ab3d5a2ffda5eeba9,/ddnB/work/lgutsev/LATech_PROJS/Cer_Interface/MD_Period/A2_DFT/15_pilot/runs/frame_0022/relax_ions,,['KPOINT_CONVERGENCE_UNVERIFIED']
a2_pilot/runs/frame_0023/relax_ions,audit,REVIEW,False,21,0,9b7f01423a253e76607d7340ff7d55abe6ac7d30fe37bd9ce169e96b9ca5516e,63906408a960adf57f581166361cd78c603ea65cd48e8ff76405a6fb2be55043,/ddnB/work/lgutsev/LATech_PROJS/Cer_Interface/MD_Period/A2_DFT/15_pilot/runs/frame_0023/relax_ions,,['KPOINT_CONVERGENCE_UNVERIFIED']
a2_tin_audit/outputs/frame_0000/static,audit,REVIEW,False,1,0,79eab0c16051f57b4f167197a555a888a1b2ade2ae6c33e98bdc0992709bed4d,0bca2c211d067fe79a7f78222849be0b51595bbfea034d5660006eabd70cc722,/ddnB/work/lgutsev/LATech_PROJS/Cer_Interface/MD_Period/A2_DFT/17_audit/outputs/frame_0000/static,,"['KPOINT_CONVERGENCE_UNVERIFIED', 'MISSING_INPUT']"
a2_tin_audit/outputs/frame_0001/static,audit,REVIEW,False,1,0,483a268c9a79cfc6eb930ffa5dd7f5dbb31d9e3d3f496540b42f1214ba88e783,88d2ff0c171690aec38e5370532ad0659aaab0564e0ba21f1772f6465caea39d,/ddnB/work/lgutsev/LATech_PROJS/Cer_Interface/MD_Period/A2_DFT/17_audit/outputs/frame_0001/static,,"['KPOINT_CONVERGENCE_UNVERIFIED', 'MISSING_INPUT']"
a2_tin_audit/outputs/frame_0002/static,audit,REVIEW,False,1,0,36d7b6cef05ef3f40ee8ed9c0aef065447c513aa37d7e489242b2621afd19b84,c9633d8ec85b3432bfcfdfc162b9d24090151f5869d8c2cb207f2d7d3ddac6f0,/ddnB/work/lgutsev/LATech_PROJS/Cer_Interface/MD_Period/A2_DFT/17_audit/outputs/frame_0002/static,,"['KPOINT_CONVERGENCE_UNVERIFIED', 'MISSING_INPUT']"
a2_tin_audit/outputs/frame_0003/static,audit,REVIEW,False,1,0,38b1799c9dc141122c8a8caf049f0d8d5c4c2034ef7efea9a41dbc40613fd865,cca0f91c239fe5883439f759a9ac9de4cdfe5221cd4b83b624ed0f115099d2f0,/ddnB/work/lgutsev/LATech_PROJS/Cer_Interface/MD_Period/A2_DFT/17_audit/outputs/frame_0003/static,,"['KPOINT_CONVERGENCE_UNVERIFIED', 'MISSING_INPUT']"
a2_tin_audit/outputs/frame_0004/static,audit,REVIEW,False,1,0,a82a70f7f9f80970c8187b035ccb577c527046f53ed32cc5cc8849370506c7fc,79882b0e4f0a4df5ceb39e7fd195bc7d106417e9de5f94b12bdb2eddef2ce032,/ddnB/work/lgutsev/LATech_PROJS/Cer_Interface/MD_Period/A2_DFT/17_audit/outputs/frame_0004/static,,"['KPOINT_CONVERGENCE_UNVERIFIED', 'MISSING_INPUT']"
a2_tin_audit/runs/frame_0000/static,audit,REVIEW,False,1,0,f2c565c0889a83488bbc816eddc8105676f4f1fef70d4542b3f7831772dfdfed,0bca2c211d067fe79a7f78222849be0b51595bbfea034d5660006eabd70cc722,/ddnB/work/lgutsev/LATech_PROJS/Cer_Interface/MD_Period/A2_DFT/17_audit/runs/frame_0000/static,,"['KPOINT_CONVERGENCE_UNVERIFIED', 'LREAL_MODE_UNVERIFIED']"
a2_tin_audit/runs/frame_0001/static,audit,REVIEW,False,1,0,a8f5f3306dba42da99a2e6fb4b69843e217b806363f42f5d0876b1f7beb7c21d,88d2ff0c171690aec38e5370532ad0659aaab0564e0ba21f1772f6465caea39d,/ddnB/work/lgutsev/LATech_PROJS/Cer_Interface/MD_Period/A2_DFT/17_audit/runs/frame_0001/static,,"['KPOINT_CONVERGENCE_UNVERIFIED', 'LREAL_MODE_UNVERIFIED']"
a2_tin_audit/runs/frame_0002/static,audit,REVIEW,False,1,0,717bf191209d53790eccd8fd57ce22a7d9c4b2a0989697c9bd4573d275c86273,c9633d8ec85b3432bfcfdfc162b9d24090151f5869d8c2cb207f2d7d3ddac6f0,/ddnB/work/lgutsev/LATech_PROJS/Cer_Interface/MD_Period/A2_DFT/17_audit/runs/frame_0002/static,,['KPOINT_CONVERGENCE_UNVERIFIED']
a2_tin_audit/runs/frame_0003/static,audit,REVIEW,False,1,0,f1db270cbf29dd10a4ac6f46178b3f1118a55fa2fb8a743ae82458ab36dff5e6,cca0f91c239fe5883439f759a9ac9de4cdfe5221cd4b83b624ed0f115099d2f0,/ddnB/work/lgutsev/LATech_PROJS/Cer_Interface/MD_Period/A2_DFT/17_audit/runs/frame_0003/static,,['KPOINT_CONVERGENCE_UNVERIFIED']
a2_tin_audit/runs/frame_0004/static,audit,REVIEW,False,1,0,2b1451e1dd7e722289b2d47ab4e84ecce60402207636c1272f9e9157d9eb1589,79882b0e4f0a4df5ceb39e7fd195bc7d106417e9de5f94b12bdb2eddef2ce032,/ddnB/work/lgutsev/LATech_PROJS/Cer_Interface/MD_Period/A2_DFT/17_audit/runs/frame_0004/static,,['KPOINT_CONVERGENCE_UNVERIFIED']
a2_stratified_audit/outputs/frame_0000/static,audit,REVIEW,False,1,0,501e68a2cc4513260151b5f4da4431e8932a19832c5d079fad7735bbd536d4bb,9fd6d0d4e9b7931c86702e9e71b65dff8167e639a6223df070439376064f4b88,/ddnB/work/lgutsev/LATech_PROJS/Cer_Interface/MD_Period/A2_DFT/21_stratified_audit/outputs/frame_0000/static,,"['KPOINT_CONVERGENCE_UNVERIFIED', 'MISSING_INPUT']"
a2_stratified_audit/outputs/frame_0001/static,audit,REVIEW,False,1,0,8b2ef40a1ae568ff7a3107c47c00f7e5aa20d42ab75a85bcf9d31dad82cd93d9,4178758fe7872d5a1b11881092e577d1042bd4884c493105ba330b64e4f94a98,/ddnB/work/lgutsev/LATech_PROJS/Cer_Interface/MD_Period/A2_DFT/21_stratified_audit/outputs/frame_0001/static,,"['KPOINT_CONVERGENCE_UNVERIFIED', 'MISSING_INPUT']"
a2_stratified_audit/outputs/frame_0002/static,audit,REVIEW,False,1,0,afa45cc002c09fa117bc993e876ee5b3baacbde27c37d7e796554c7e8c2f0bf2,a0c39a42d323206a5078ecbeae60ada29f0a44e06c159ebf695aec8e41f08511,/ddnB/work/lgutsev/LATech_PROJS/Cer_Interface/MD_Period/A2_DFT/21_stratified_audit/outputs/frame_0002/static,,"['KPOINT_CONVERGENCE_UNVERIFIED', 'MISSING_INPUT']"
a2_stratified_audit/outputs/frame_0003/static,audit,REVIEW,False,1,0,f17c240fb0b13f83a2da483ff5223747628d4b47c7e68b1989227029b0391212,d192401c2dd1ba717264b830b680b4d6bf1d6bf478e45c348ec41f55c22ae256,/ddnB/work/lgutsev/LATech_PROJS/Cer_Interface/MD_Period/A2_DFT/21_stratified_audit/outputs/frame_0003/static,,"['KPOINT_CONVERGENCE_UNVERIFIED', 'MISSING_INPUT']"
a2_stratified_audit/outputs/frame_0004/static,audit,REVIEW,False,1,0,475a79d23c55d4f8537f243c29705df4eaece0508a93352cb9ed978b684817b2,053e7453ad54495cb378eac11137ee377e86f996788a8972cc7164bb59591804,/ddnB/work/lgutsev/LATech_PROJS/Cer_Interface/MD_Period/A2_DFT/21_stratified_audit/outputs/frame_0004/static,,"['KPOINT_CONVERGENCE_UNVERIFIED', 'MISSING_INPUT']"
a2_stratified_audit/outputs/frame_0005/static,audit,REVIEW,False,1,0,b4d8735e6d47dd57275b2ff3b0c5f3e285495eeac7620e85faf066e05f1cd56c,b03a7bdd76018ab865d2841c86ba1ce0efbc75e143fd263aa8ca10710819839f,/ddnB/work/lgutsev/LATech_PROJS/Cer_Interface/MD_Period/A2_DFT/21_stratified_audit/outputs/frame_0005/static,,"['KPOINT_CONVERGENCE_UNVERIFIED', 'MISSING_INPUT']"
a2_stratified_audit/outputs/frame_0006/static,audit,REVIEW,False,1,0,d4315272836d4f0902e18410f839544ffcc20bc9f15798ed328c3bae5f18ec75,a86d9d66e80476740d3a895f672db88cbcdfcbc6a431e2eb70e32ed1dec7ca98,/ddnB/work/lgutsev/LATech_PROJS/Cer_Interface/MD_Period/A2_DFT/21_stratified_audit/outputs/frame_0006/static,,"['KPOINT_CONVERGENCE_UNVERIFIED', 'MISSING_INPUT']"
a2_stratified_audit/outputs/frame_0007/static,audit,REVIEW,False,1,0,f4ab20cbdbb9fe963bb072a5cdf2d20bc9aea0f14a11b9eacf57404d32c8154d,c05fd560b05e7a9927f8d3107726c5a67184875dc8cee7d4ab318331dd3a7e70,/ddnB/work/lgutsev/LATech_PROJS/Cer_Interface/MD_Period/A2_DFT/21_stratified_audit/outputs/frame_0007/static,,"['KPOINT_CONVERGENCE_UNVERIFIED', 'MISSING_INPUT']"
a2_stratified_audit/outputs/frame_0008/static,audit,REVIEW,False,1,0,3ba65e4d618ec035c3877c48ad3b8095ebb2a1792bf7aef3de6ca6a2a56806cb,c88460e4a25ce10655c366e646c5f46089b1b3b329e363ec2109210d9d3f0d15,/ddnB/work/lgutsev/LATech_PROJS/Cer_Interface/MD_Period/A2_DFT/21_stratified_audit/outputs/frame_0008/static,,"['KPOINT_CONVERGENCE_UNVERIFIED', 'MISSING_INPUT']"
a2_stratified_audit/outputs/frame_0009/static,audit,REVIEW,False,1,0,f7670e83b26aee5a082ca15771fd75fc17b2b85fb2fb41be0b4342f8568b42c6,d5eb657d10083f871e7e206f575e64015931fefbfb1c13af5d7127449e298b8e,/ddnB/work/lgutsev/LATech_PROJS/Cer_Interface/MD_Period/A2_DFT/21_stratified_audit/outputs/frame_0009/static,,"['KPOINT_CONVERGENCE_UNVERIFIED', 'MISSING_INPUT', 'SCF_RESIDUAL', 'SCF_RESIDUAL_JUMP']"
a2_stratified_audit/outputs/frame_0010/static,audit,REVIEW,False,1,0,80bb0df0187ddd4f26958458bbbccfaeb0642c5887baaf583ee433ccc3bdd38f,84ffae2ba8022481cba8a7c93b375343404470cef59ab7ef86b34f0d4ed8c71b,/ddnB/work/lgutsev/LATech_PROJS/Cer_Interface/MD_Period/A2_DFT/21_stratified_audit/outputs/frame_0010/static,,"['KPOINT_CONVERGENCE_UNVERIFIED', 'MISSING_INPUT']"
a2_stratified_audit/outputs/frame_0011/static,audit,REVIEW,False,1,0,9aa854835278135affcb8c792d5306c7ca3138cdc3e603f2a8f685205452d2c5,8df14ebe6e561d73e055439f7750cd93fd5b5f7153a4f1f71fe6d48db8142842,/ddnB/work/lgutsev/LATech_PROJS/Cer_Interface/MD_Period/A2_DFT/21_stratified_audit/outputs/frame_0011/static,,"['KPOINT_CONVERGENCE_UNVERIFIED', 'MISSING_INPUT']"
a2_stratified_audit/outputs/frame_0012/static,audit,REVIEW,False,1,0,53a9dc4a4c2fb8d1102bfd1279b74b1dbfc4c7440ad89568fd8d0a9653df66d5,e53392f37abc003b42d4e998c9c6acad8648a1b662edf3d21c21bc1449bc22e2,/ddnB/work/lgutsev/LATech_PROJS/Cer_Interface/MD_Period/A2_DFT/21_stratified_audit/outputs/frame_0012/static,,"['KPOINT_CONVERGENCE_UNVERIFIED', 'MISSING_INPUT']"
a2_stratified_audit/outputs/frame_0013/static,audit,REVIEW,False,1,0,6be7247193397e45fa44a80693ab2a999d5d53b8024b90a078c35c692d96001a,3eafc7951d5413e77644cf2fd4cd854594ca1dadfa5bfc20043a760fe4d9bcaa,/ddnB/work/lgutsev/LATech_PROJS/Cer_Interface/MD_Period/A2_DFT/21_stratified_audit/outputs/frame_0013/static,,"['KPOINT_CONVERGENCE_UNVERIFIED', 'MISSING_INPUT']"
a2_stratified_audit/outputs/frame_0014/static,audit,REVIEW,False,1,0,9a5dd2d4ca198400567b331275adaa01cfab08b97dfca16c605e308e328d108c,386819a97c1972d0979fd73e854740e8128f5980575ab553dd0f79b97b95cd8e,/ddnB/work/lgutsev/LATech_PROJS/Cer_Interface/MD_Period/A2_DFT/21_stratified_audit/outputs/frame_0014/static,,"['KPOINT_CONVERGENCE_UNVERIFIED', 'MISSING_INPUT']"
a2_stratified_audit/outputs/frame_0015/static,audit,REVIEW,False,1,0,33fa5ac6ab7e0a0e7640fee4f9e44be99203060bbb9f23c594d788c07f98750c,4aa84739f456ad2f8cdeae8f1278672048a35fbbc4c035f20f2b57d8c243bce8,/ddnB/work/lgutsev/LATech_PROJS/Cer_Interface/MD_Period/A2_DFT/21_stratified_audit/outputs/frame_0015/static,,"['KPOINT_CONVERGENCE_UNVERIFIED', 'MISSING_INPUT']"
a2_stratified_audit/outputs/frame_0016/static,audit,REVIEW,False,1,0,c52776b6e6ccb8d30e74340da23d51aab2778edf9d6e3e06caae2f31b940f81b,f159b59e48ae830aaa898cfe3b389f7023c6b990f998c9972cb38beb1e197a65,/ddnB/work/lgutsev/LATech_PROJS/Cer_Interface/MD_Period/A2_DFT/21_stratified_audit/outputs/frame_0016/static,,"['KPOINT_CONVERGENCE_UNVERIFIED', 'MISSING_INPUT']"
a2_stratified_audit/outputs/frame_0017/static,audit,REVIEW,False,1,0,e23f503f0d594c4bf3891afb4c5c30fa707e2c2a26ff216363d72ac23f847857,64efdbd9cd4a6c2e703aefd5000d6ba42be37bf105ef796bbd751a2edf48793c,/ddnB/work/lgutsev/LATech_PROJS/Cer_Interface/MD_Period/A2_DFT/21_stratified_audit/outputs/frame_0017/static,,"['KPOINT_CONVERGENCE_UNVERIFIED', 'MISSING_INPUT']"
a2_stratified_audit/outputs/frame_0018/static,audit,REVIEW,False,1,0,4951cb1040d1757f29a6558399945f2e5d20cc6bffc3d311ea7cfa2ca7ac94aa,0579940cc6dc5cd0cac4e17564a47b5b5db9970b9035bb305ad3b684f3b2d321,/ddnB/work/lgutsev/LATech_PROJS/Cer_Interface/MD_Period/A2_DFT/21_stratified_audit/outputs/frame_0018/static,,"['KPOINT_CONVERGENCE_UNVERIFIED', 'MISSING_INPUT']"
a2_stratified_audit/outputs/frame_0019/static,audit,REVIEW,False,1,0,6a8b981ef27c8f51d4a12cfc5a4c8df8bdb7378722324c92046fc273fc0bdb56,394227779ec6f361e6ab11848674ac7584b6e5c7a263f01ae5089a12ab534e41,/ddnB/work/lgutsev/LATech_PROJS/Cer_Interface/MD_Period/A2_DFT/21_stratified_audit/outputs/frame_0019/static,,"['KPOINT_CONVERGENCE_UNVERIFIED', 'MISSING_INPUT']"
a2_stratified_audit/outputs/frame_0020/static,audit,REVIEW,False,1,0,2b611a5657fccf51454dd0f490d6b5fbb57a530e67ca6277d910398cfa8e96c5,9b87f98da18bfb728c1ce7da8326bc907b61066ba76a98e1c746adde35b36ddd,/ddnB/work/lgutsev/LATech_PROJS/Cer_Interface/MD_Period/A2_DFT/21_stratified_audit/outputs/frame_0020/static,,"['KPOINT_CONVERGENCE_UNVERIFIED', 'MISSING_INPUT']"
a2_stratified_audit/outputs/frame_0021/static,audit,REVIEW,False,1,0,23bbd82c96fb104b17b061b7e3baaca9767655117a7d6c8fec5bdd6e8e3d55ef,1bd3f5bbf665600f9b2dc40ee28fdc8857a15d3c2278003fe4d2cab6d22a7845,/ddnB/work/lgutsev/LATech_PROJS/Cer_Interface/MD_Period/A2_DFT/21_stratified_audit/outputs/frame_0021/static,,"['KPOINT_CONVERGENCE_UNVERIFIED', 'MISSING_INPUT']"
a2_stratified_audit/outputs/frame_0022/static,audit,REVIEW,False,1,0,818229f8376f325ac818f65eb4b5281ba24f1f06c78d3add838355db5402096d,94d2463fbbbadfefedbcf05f1ef857ddaae715164c1767fe3c64b5d31ce8a0a1,/ddnB/work/lgutsev/LATech_PROJS/Cer_Interface/MD_Period/A2_DFT/21_stratified_audit/outputs/frame_0022/static,,"['KPOINT_CONVERGENCE_UNVERIFIED', 'MISSING_INPUT']"
a2_stratified_audit/outputs/frame_0023/static,audit,REVIEW,False,1,0,42801e176c1db15af1af4bcc0391d680077ac8567af6c1722f20e6718fc5f365,78005f6817e2fe06209e1b68724fa9124d145d25db60b08c2e8ba86f828dba54,/ddnB/work/lgutsev/LATech_PROJS/Cer_Interface/MD_Period/A2_DFT/21_stratified_audit/outputs/frame_0023/static,,"['KPOINT_CONVERGENCE_UNVERIFIED', 'MISSING_INPUT']"
a2_stratified_audit/runs/frame_0000/static,audit,REVIEW,False,1,0,b8c0333faf9c4b410fd2ced225c367ac095f4215bd8e11538533368df821a87f,9fd6d0d4e9b7931c86702e9e71b65dff8167e639a6223df070439376064f4b88,/ddnB/work/lgutsev/LATech_PROJS/Cer_Interface/MD_Period/A2_DFT/21_stratified_audit/runs/frame_0000/static,,"['KPOINT_CONVERGENCE_UNVERIFIED', 'LREAL_MODE_UNVERIFIED']"
a2_stratified_audit/runs/frame_0001/static,audit,REVIEW,False,1,0,23c3f8603225c7206eb6c53220747b85387fc87ce82d51e887b8ab7a06103536,4178758fe7872d5a1b11881092e577d1042bd4884c493105ba330b64e4f94a98,/ddnB/work/lgutsev/LATech_PROJS/Cer_Interface/MD_Period/A2_DFT/21_stratified_audit/runs/frame_0001/static,,"['KPOINT_CONVERGENCE_UNVERIFIED', 'LREAL_MODE_UNVERIFIED']"
a2_stratified_audit/runs/frame_0002/static,audit,REVIEW,False,1,0,57e3d3c134be95873c0b8c51139348c6245d10d594f4f00720e4e4895be4959f,a0c39a42d323206a5078ecbeae60ada29f0a44e06c159ebf695aec8e41f08511,/ddnB/work/lgutsev/LATech_PROJS/Cer_Interface/MD_Period/A2_DFT/21_stratified_audit/runs/frame_0002/static,,"['KPOINT_CONVERGENCE_UNVERIFIED', 'LREAL_MODE_UNVERIFIED']"
a2_stratified_audit/runs/frame_0003/static,audit,REVIEW,False,1,0,33a80104924e19b57845ea4c7add26f5412d5f0e975b7b4ee756c85013456ce3,d192401c2dd1ba717264b830b680b4d6bf1d6bf478e45c348ec41f55c22ae256,/ddnB/work/lgutsev/LATech_PROJS/Cer_Interface/MD_Period/A2_DFT/21_stratified_audit/runs/frame_0003/static,,"['KPOINT_CONVERGENCE_UNVERIFIED', 'LREAL_MODE_UNVERIFIED']"
a2_stratified_audit/runs/frame_0004/static,audit,REVIEW,False,1,0,efb213a8280bfea8e9c76273c5df657a77a46a64809d456b30d3ca78f4da96c6,053e7453ad54495cb378eac11137ee377e86f996788a8972cc7164bb59591804,/ddnB/work/lgutsev/LATech_PROJS/Cer_Interface/MD_Period/A2_DFT/21_stratified_audit/runs/frame_0004/static,,"['KPOINT_CONVERGENCE_UNVERIFIED', 'LREAL_MODE_UNVERIFIED']"
a2_stratified_audit/runs/frame_0005/static,audit,REVIEW,False,1,0,49d3fcfc3358e893c55e29d729c076bb227a479c874aeb4f08dc265f40e054db,b03a7bdd76018ab865d2841c86ba1ce0efbc75e143fd263aa8ca10710819839f,/ddnB/work/lgutsev/LATech_PROJS/Cer_Interface/MD_Period/A2_DFT/21_stratified_audit/runs/frame_0005/static,,"['KPOINT_CONVERGENCE_UNVERIFIED', 'LREAL_MODE_UNVERIFIED']"
a2_stratified_audit/runs/frame_0006/static,audit,REVIEW,False,1,0,491052c1bf2f616fa2861382fa7051e36f8add44bfdd1e9fe11790609132147c,a86d9d66e80476740d3a895f672db88cbcdfcbc6a431e2eb70e32ed1dec7ca98,/ddnB/work/lgutsev/LATech_PROJS/Cer_Interface/MD_Period/A2_DFT/21_stratified_audit/runs/frame_0006/static,,"['KPOINT_CONVERGENCE_UNVERIFIED', 'LREAL_MODE_UNVERIFIED']"
a2_stratified_audit/runs/frame_0007/static,audit,REVIEW,False,1,0,3b310e792a408e21410039539b985ae45d3dcd999773b9fd33c9009025543135,c05fd560b05e7a9927f8d3107726c5a67184875dc8cee7d4ab318331dd3a7e70,/ddnB/work/lgutsev/LATech_PROJS/Cer_Interface/MD_Period/A2_DFT/21_stratified_audit/runs/frame_0007/static,,"['KPOINT_CONVERGENCE_UNVERIFIED', 'LREAL_MODE_UNVERIFIED']"
a2_stratified_audit/runs/frame_0008/static,audit,REVIEW,False,1,0,b2c06c4e74256380ea4ee6fb759c92184ac03912fe6ebf7ea76f65494a24a505,c88460e4a25ce10655c366e646c5f46089b1b3b329e363ec2109210d9d3f0d15,/ddnB/work/lgutsev/LATech_PROJS/Cer_Interface/MD_Period/A2_DFT/21_stratified_audit/runs/frame_0008/static,,"['KPOINT_CONVERGENCE_UNVERIFIED', 'LREAL_MODE_UNVERIFIED']"
a2_stratified_audit/runs/frame_0009/static,audit,REVIEW,False,1,0,d0dcd1bff370c997875b073b700c5abe0ea1d6213c9fdf35bb65493df08f9927,d5eb657d10083f871e7e206f575e64015931fefbfb1c13af5d7127449e298b8e,/ddnB/work/lgutsev/LATech_PROJS/Cer_Interface/MD_Period/A2_DFT/21_stratified_audit/runs/frame_0009/static,,"['KPOINT_CONVERGENCE_UNVERIFIED', 'LREAL_MODE_UNVERIFIED', 'SCF_RESIDUAL', 'SCF_RESIDUAL_JUMP']"
a2_stratified_audit/runs/frame_0010/static,audit,REVIEW,False,1,0,046bfcb6071297499300976a9f8af259cf73596230b28d5d2953a8636d2c4062,84ffae2ba8022481cba8a7c93b375343404470cef59ab7ef86b34f0d4ed8c71b,/ddnB/work/lgutsev/LATech_PROJS/Cer_Interface/MD_Period/A2_DFT/21_stratified_audit/runs/frame_0010/static,,"['KPOINT_CONVERGENCE_UNVERIFIED', 'LREAL_MODE_UNVERIFIED']"
a2_stratified_audit/runs/frame_0011/static,audit,REVIEW,False,1,0,41bc520b8b2aef66a585a8a7b77486f062f7f6a64a0255cddd6aa60cf4bd1697,8df14ebe6e561d73e055439f7750cd93fd5b5f7153a4f1f71fe6d48db8142842,/ddnB/work/lgutsev/LATech_PROJS/Cer_Interface/MD_Period/A2_DFT/21_stratified_audit/runs/frame_0011/static,,"['KPOINT_CONVERGENCE_UNVERIFIED', 'LREAL_MODE_UNVERIFIED']"
a2_stratified_audit/runs/frame_0012/static,audit,REVIEW,False,1,0,9bef1af43efe3ed2a07f61e221591e81bb3f96bf29a0067c107c14454960da3f,e53392f37abc003b42d4e998c9c6acad8648a1b662edf3d21c21bc1449bc22e2,/ddnB/work/lgutsev/LATech_PROJS/Cer_Interface/MD_Period/A2_DFT/21_stratified_audit/runs/frame_0012/static,,"['KPOINT_CONVERGENCE_UNVERIFIED', 'LREAL_MODE_UNVERIFIED']"
a2_stratified_audit/runs/frame_0013/static,audit,REVIEW,False,1,0,6cf1275509c17c0c458dabae6591353a88c9df07d8b6e234c955efa3e00b3f8c,3eafc7951d5413e77644cf2fd4cd854594ca1dadfa5bfc20043a760fe4d9bcaa,/ddnB/work/lgutsev/LATech_PROJS/Cer_Interface/MD_Period/A2_DFT/21_stratified_audit/runs/frame_0013/static,,"['KPOINT_CONVERGENCE_UNVERIFIED', 'LREAL_MODE_UNVERIFIED']"
a2_stratified_audit/runs/frame_0014/static,audit,REVIEW,False,1,0,97ba7444f95580d9c533509af4c81f5619cb3caf3af28e589402b1e439b8a4fb,386819a97c1972d0979fd73e854740e8128f5980575ab553dd0f79b97b95cd8e,/ddnB/work/lgutsev/LATech_PROJS/Cer_Interface/MD_Period/A2_DFT/21_stratified_audit/runs/frame_0014/static,,"['KPOINT_CONVERGENCE_UNVERIFIED', 'LREAL_MODE_UNVERIFIED']"
a2_stratified_audit/runs/frame_0015/static,audit,REVIEW,False,1,0,5087fe863a0630f18c6a57948c5dd6cfa544d777d5474b35e232443c4ab1a350,4aa84739f456ad2f8cdeae8f1278672048a35fbbc4c035f20f2b57d8c243bce8,/ddnB/work/lgutsev/LATech_PROJS/Cer_Interface/MD_Period/A2_DFT/21_stratified_audit/runs/frame_0015/static,,"['KPOINT_CONVERGENCE_UNVERIFIED', 'LREAL_MODE_UNVERIFIED']"
a2_stratified_audit/runs/frame_0016/static,audit,REVIEW,False,1,0,a7f26d42e531b78565671c4e13cd4633fcb4c5d6762d0391f2c8cc81c9c6da3b,f159b59e48ae830aaa898cfe3b389f7023c6b990f998c9972cb38beb1e197a65,/ddnB/work/lgutsev/LATech_PROJS/Cer_Interface/MD_Period/A2_DFT/21_stratified_audit/runs/frame_0016/static,,"['KPOINT_CONVERGENCE_UNVERIFIED', 'LREAL_MODE_UNVERIFIED']"
a2_stratified_audit/runs/frame_0017/static,audit,REVIEW,False,1,0,0b6c039af4b413a4dabdb16bcbf151953acf0080d7db9375b583bc16fb0c1c55,64efdbd9cd4a6c2e703aefd5000d6ba42be37bf105ef796bbd751a2edf48793c,/ddnB/work/lgutsev/LATech_PROJS/Cer_Interface/MD_Period/A2_DFT/21_stratified_audit/runs/frame_0017/static,,"['KPOINT_CONVERGENCE_UNVERIFIED', 'LREAL_MODE_UNVERIFIED']"
a2_stratified_audit/runs/frame_0018/static,audit,REVIEW,False,1,0,680b4746aa1c7013580846cb205573826d3360c0c96676cd62275977744e1610,0579940cc6dc5cd0cac4e17564a47b5b5db9970b9035bb305ad3b684f3b2d321,/ddnB/work/lgutsev/LATech_PROJS/Cer_Interface/MD_Period/A2_DFT/21_stratified_audit/runs/frame_0018/static,,"['KPOINT_CONVERGENCE_UNVERIFIED', 'LREAL_MODE_UNVERIFIED']"
a2_stratified_audit/runs/frame_0019/static,audit,REVIEW,False,1,0,300f1638889631ffd482e507c470efdaf237b896fd8b97057fa39b355949b84f,394227779ec6f361e6ab11848674ac7584b6e5c7a263f01ae5089a12ab534e41,/ddnB/work/lgutsev/LATech_PROJS/Cer_Interface/MD_Period/A2_DFT/21_stratified_audit/runs/frame_0019/static,,"['KPOINT_CONVERGENCE_UNVERIFIED', 'LREAL_MODE_UNVERIFIED']"
a2_stratified_audit/runs/frame_0020/static,audit,REVIEW,False,1,0,de5a0fc980174d1aca3af6817fc154a06f571e7461258029f8424253a97257c5,9b87f98da18bfb728c1ce7da8326bc907b61066ba76a98e1c746adde35b36ddd,/ddnB/work/lgutsev/LATech_PROJS/Cer_Interface/MD_Period/A2_DFT/21_stratified_audit/runs/frame_0020/static,,"['KPOINT_CONVERGENCE_UNVERIFIED', 'LREAL_MODE_UNVERIFIED']"
a2_stratified_audit/runs/frame_0021/static,audit,REVIEW,False,1,0,ba5d74abaac385d3c321a9445a69db04ee94282a0d9d31a97f4dcdb102237423,1bd3f5bbf665600f9b2dc40ee28fdc8857a15d3c2278003fe4d2cab6d22a7845,/ddnB/work/lgutsev/LATech_PROJS/Cer_Interface/MD_Period/A2_DFT/21_stratified_audit/runs/frame_0021/static,,"['KPOINT_CONVERGENCE_UNVERIFIED', 'LREAL_MODE_UNVERIFIED']"
a2_stratified_audit/runs/frame_0022/static,audit,REVIEW,False,1,0,2186acfc987025b3561ffe8893e405bd3013d0d40d083322ab7507be717c6b02,94d2463fbbbadfefedbcf05f1ef857ddaae715164c1767fe3c64b5d31ce8a0a1,/ddnB/work/lgutsev/LATech_PROJS/Cer_Interface/MD_Period/A2_DFT/21_stratified_audit/runs/frame_0022/static,,"['KPOINT_CONVERGENCE_UNVERIFIED', 'LREAL_MODE_UNVERIFIED']"
a2_stratified_audit/runs/frame_0023/static,audit,REVIEW,False,1,0,7e254b1f04829888dfee591955057ff1a4189d575ccfae4681d6201a250dd91a,78005f6817e2fe06209e1b68724fa9124d145d25db60b08c2e8ba86f828dba54,/ddnB/work/lgutsev/LATech_PROJS/Cer_Interface/MD_Period/A2_DFT/21_stratified_audit/runs/frame_0023/static,,"['KPOINT_CONVERGENCE_UNVERIFIED', 'LREAL_MODE_UNVERIFIED']"
